//------------------------------------------------------------------------------
// SGCL: a C++20 application framework
// Copyright (c) 2022-2026 Sebastian Nibisz
// SPDX-License-Identifier: Apache-2.0
//------------------------------------------------------------------------------
#pragma once

// Generated by tools/unicode_tables.py from the MAPPINGS files of
// unicode.org: do not edit. The set is the single byte encodings the
// Encoding Standard of the WHATWG lists; the tables are unicode.org's,
// not that standard's own indexes, which are a browser's compatibility
// rules. ISO-8859-1 has no table here — its byte is its code point —
// and neither has ASCII.

#include "tables.h"

namespace sgcl::txt::detail {
    enum class encoding : uint8_t {
        utf8,
        utf16le,
        utf16be,
        utf32le,
        utf32be,
        ascii,
        latin1,
        // the single byte encodings, in the order of the tables below
        ibm866,
        iso8859_2,
        iso8859_3,
        iso8859_4,
        iso8859_5,
        iso8859_6,
        iso8859_7,
        iso8859_8,
        iso8859_10,
        iso8859_13,
        iso8859_14,
        iso8859_15,
        iso8859_16,
        koi8_r,
        koi8_u,
        macintosh,
        windows874,
        windows1250,
        windows1251,
        windows1252,
        windows1253,
        windows1254,
        windows1255,
        windows1256,
        windows1257,
        windows1258,
        x_mac_cyrillic,
    };

    inline constexpr uint8_t FirstSingleByte = 7;

    // The name a header would use, one per value of the enum
    inline constexpr const char* EncodingNames[] = {
        "utf-8",
        "utf-16le",
        "utf-16be",
        "utf-32le",
        "utf-32be",
        "us-ascii",
        "iso-8859-1",
        "ibm866",
        "iso-8859-2",
        "iso-8859-3",
        "iso-8859-4",
        "iso-8859-5",
        "iso-8859-6",
        "iso-8859-7",
        "iso-8859-8",
        "iso-8859-10",
        "iso-8859-13",
        "iso-8859-14",
        "iso-8859-15",
        "iso-8859-16",
        "koi8-r",
        "koi8-u",
        "macintosh",
        "windows-874",
        "windows-1250",
        "windows-1251",
        "windows-1252",
        "windows-1253",
        "windows-1254",
        "windows-1255",
        "windows-1256",
        "windows-1257",
        "windows-1258",
        "x-mac-cyrillic",
    };

    struct EncodingAlias {
        const char* name;
        encoding value;
    };

    // Every name a header may carry, the preferred one first
    inline constexpr EncodingAlias EncodingAliases[] = {
        {"utf-8", encoding::utf8},
        {"utf8", encoding::utf8},
        {"unicode-1-1-utf-8", encoding::utf8},
        {"utf-16le", encoding::utf16le},
        {"utf-16", encoding::utf16le},
        {"ucs-2", encoding::utf16le},
        {"utf-16be", encoding::utf16be},
        {"utf-32le", encoding::utf32le},
        {"utf-32", encoding::utf32le},
        {"ucs-4", encoding::utf32le},
        {"utf-32be", encoding::utf32be},
        {"us-ascii", encoding::ascii},
        {"ascii", encoding::ascii},
        {"ansi_x3.4-1968", encoding::ascii},
        {"iso-8859-1", encoding::latin1},
        {"latin1", encoding::latin1},
        {"l1", encoding::latin1},
        {"cp819", encoding::latin1},
        {"iso_8859-1", encoding::latin1},
        {"ibm866", encoding::ibm866},
        {"866", encoding::ibm866},
        {"cp866", encoding::ibm866},
        {"csibm866", encoding::ibm866},
        {"iso-8859-2", encoding::iso8859_2},
        {"latin2", encoding::iso8859_2},
        {"l2", encoding::iso8859_2},
        {"csisolatin2", encoding::iso8859_2},
        {"iso-8859-3", encoding::iso8859_3},
        {"latin3", encoding::iso8859_3},
        {"l3", encoding::iso8859_3},
        {"iso-8859-4", encoding::iso8859_4},
        {"latin4", encoding::iso8859_4},
        {"l4", encoding::iso8859_4},
        {"iso-8859-5", encoding::iso8859_5},
        {"cyrillic", encoding::iso8859_5},
        {"csisolatincyrillic", encoding::iso8859_5},
        {"iso-8859-6", encoding::iso8859_6},
        {"arabic", encoding::iso8859_6},
        {"asmo-708", encoding::iso8859_6},
        {"ecma-114", encoding::iso8859_6},
        {"iso-8859-7", encoding::iso8859_7},
        {"greek", encoding::iso8859_7},
        {"greek8", encoding::iso8859_7},
        {"ecma-118", encoding::iso8859_7},
        {"sun_eu_greek", encoding::iso8859_7},
        {"iso-8859-8", encoding::iso8859_8},
        {"hebrew", encoding::iso8859_8},
        {"iso-8859-8-i", encoding::iso8859_8},
        {"visual", encoding::iso8859_8},
        {"logical", encoding::iso8859_8},
        {"iso-8859-10", encoding::iso8859_10},
        {"latin6", encoding::iso8859_10},
        {"l6", encoding::iso8859_10},
        {"iso-ir-157", encoding::iso8859_10},
        {"iso-8859-13", encoding::iso8859_13},
        {"iso-8859-14", encoding::iso8859_14},
        {"iso8859-14", encoding::iso8859_14},
        {"iso-8859-15", encoding::iso8859_15},
        {"latin9", encoding::iso8859_15},
        {"l9", encoding::iso8859_15},
        {"csisolatin9", encoding::iso8859_15},
        {"iso-8859-16", encoding::iso8859_16},
        {"koi8-r", encoding::koi8_r},
        {"koi", encoding::koi8_r},
        {"koi8", encoding::koi8_r},
        {"cskoi8r", encoding::koi8_r},
        {"koi8-u", encoding::koi8_u},
        {"koi8-ru", encoding::koi8_u},
        {"macintosh", encoding::macintosh},
        {"mac", encoding::macintosh},
        {"csmacintosh", encoding::macintosh},
        {"x-mac-roman", encoding::macintosh},
        {"windows-874", encoding::windows874},
        {"iso-8859-11", encoding::windows874},
        {"tis-620", encoding::windows874},
        {"dos-874", encoding::windows874},
        {"windows-1250", encoding::windows1250},
        {"cp1250", encoding::windows1250},
        {"x-cp1250", encoding::windows1250},
        {"windows-1251", encoding::windows1251},
        {"cp1251", encoding::windows1251},
        {"x-cp1251", encoding::windows1251},
        {"windows-1252", encoding::windows1252},
        {"cp1252", encoding::windows1252},
        {"x-cp1252", encoding::windows1252},
        {"ansi_x3.4-1968-euro", encoding::windows1252},
        {"windows-1253", encoding::windows1253},
        {"cp1253", encoding::windows1253},
        {"windows-1254", encoding::windows1254},
        {"cp1254", encoding::windows1254},
        {"iso-8859-9", encoding::windows1254},
        {"latin5", encoding::windows1254},
        {"l5", encoding::windows1254},
        {"windows-1255", encoding::windows1255},
        {"cp1255", encoding::windows1255},
        {"windows-1256", encoding::windows1256},
        {"cp1256", encoding::windows1256},
        {"windows-1257", encoding::windows1257},
        {"cp1257", encoding::windows1257},
        {"windows-1258", encoding::windows1258},
        {"cp1258", encoding::windows1258},
        {"x-mac-cyrillic", encoding::x_mac_cyrillic},
        {"x-mac-ukrainian", encoding::x_mac_cyrillic},
    };

    struct SingleByte {
        const char16_t* to_unicode;    // 256 of them, U+FFFD where the byte is nothing
        // and the way back: 256 slots, a code point in keys and its byte
        // beside it, the collisions walked forward from where they fall.
        // Zero is the empty slot — no encoding writes a code point under
        // 128 this way.
        const uint16_t* keys;
        const uint8_t* bytes;
    };

    // ibm866
    inline constexpr char16_t ibm866_to[] = {
        0x0000, 0x0001, 0x0002, 0x0003, 0x0004, 0x0005, 0x0006, 0x0007,
        0x0008, 0x0009, 0x000A, 0x000B, 0x000C, 0x000D, 0x000E, 0x000F,
        0x0010, 0x0011, 0x0012, 0x0013, 0x0014, 0x0015, 0x0016, 0x0017,
        0x0018, 0x0019, 0x001A, 0x001B, 0x001C, 0x001D, 0x001E, 0x001F,
        0x0020, 0x0021, 0x0022, 0x0023, 0x0024, 0x0025, 0x0026, 0x0027,
        0x0028, 0x0029, 0x002A, 0x002B, 0x002C, 0x002D, 0x002E, 0x002F,
        0x0030, 0x0031, 0x0032, 0x0033, 0x0034, 0x0035, 0x0036, 0x0037,
        0x0038, 0x0039, 0x003A, 0x003B, 0x003C, 0x003D, 0x003E, 0x003F,
        0x0040, 0x0041, 0x0042, 0x0043, 0x0044, 0x0045, 0x0046, 0x0047,
        0x0048, 0x0049, 0x004A, 0x004B, 0x004C, 0x004D, 0x004E, 0x004F,
        0x0050, 0x0051, 0x0052, 0x0053, 0x0054, 0x0055, 0x0056, 0x0057,
        0x0058, 0x0059, 0x005A, 0x005B, 0x005C, 0x005D, 0x005E, 0x005F,
        0x0060, 0x0061, 0x0062, 0x0063, 0x0064, 0x0065, 0x0066, 0x0067,
        0x0068, 0x0069, 0x006A, 0x006B, 0x006C, 0x006D, 0x006E, 0x006F,
        0x0070, 0x0071, 0x0072, 0x0073, 0x0074, 0x0075, 0x0076, 0x0077,
        0x0078, 0x0079, 0x007A, 0x007B, 0x007C, 0x007D, 0x007E, 0x007F,
        0x0410, 0x0411, 0x0412, 0x0413, 0x0414, 0x0415, 0x0416, 0x0417,
        0x0418, 0x0419, 0x041A, 0x041B, 0x041C, 0x041D, 0x041E, 0x041F,
        0x0420, 0x0421, 0x0422, 0x0423, 0x0424, 0x0425, 0x0426, 0x0427,
        0x0428, 0x0429, 0x042A, 0x042B, 0x042C, 0x042D, 0x042E, 0x042F,
        0x0430, 0x0431, 0x0432, 0x0433, 0x0434, 0x0435, 0x0436, 0x0437,
        0x0438, 0x0439, 0x043A, 0x043B, 0x043C, 0x043D, 0x043E, 0x043F,
        0x2591, 0x2592, 0x2593, 0x2502, 0x2524, 0x2561, 0x2562, 0x2556,
        0x2555, 0x2563, 0x2551, 0x2557, 0x255D, 0x255C, 0x255B, 0x2510,
        0x2514, 0x2534, 0x252C, 0x251C, 0x2500, 0x253C, 0x255E, 0x255F,
        0x255A, 0x2554, 0x2569, 0x2566, 0x2560, 0x2550, 0x256C, 0x2567,
        0x2568, 0x2564, 0x2565, 0x2559, 0x2558, 0x2552, 0x2553, 0x256B,
        0x256A, 0x2518, 0x250C, 0x2588, 0x2584, 0x258C, 0x2590, 0x2580,
        0x0440, 0x0441, 0x0442, 0x0443, 0x0444, 0x0445, 0x0446, 0x0447,
        0x0448, 0x0449, 0x044A, 0x044B, 0x044C, 0x044D, 0x044E, 0x044F,
        0x0401, 0x0451, 0x0404, 0x0454, 0x0407, 0x0457, 0x040E, 0x045E,
        0x00B0, 0x2219, 0x00B7, 0x221A, 0x2116, 0x00A4, 0x25A0, 0x00A0,
    };
    inline constexpr uint16_t ibm866_keys[] = {
        0x0000, 0x0434, 0x0000, 0x2590, 0x2500, 0x2559, 0x041F, 0x0000,
        0x0000, 0x0441, 0x0000, 0x0000, 0x0000, 0x0000, 0x2566, 0x042C,
        0x0000, 0x0000, 0x044E, 0x2588, 0x0417, 0x2551, 0x0000, 0x0000,
        0x0439, 0x00B7, 0x253C, 0x0000, 0x255E, 0x0424, 0x0000, 0x0000,
        0x2580, 0x0446, 0x0000, 0x0000, 0x0000, 0x256B, 0x0431, 0x2534,
        0x0000, 0x0000, 0x0000, 0x041C, 0x2556, 0x0000, 0x0000, 0x043E,
        0x0000, 0x0407, 0x0000, 0x0000, 0x0429, 0x2563, 0x252C, 0x0000,
        0x044B, 0x0000, 0x0414, 0x0000, 0x0000, 0x0436, 0x0000, 0x0000,
        0x2592, 0x2502, 0x255B, 0x0421, 0x2524, 0x0000, 0x0443, 0x0000,
        0x0000, 0x0000, 0x0000, 0x042E, 0x2568, 0x0000, 0x0000, 0x0000,
        0x2553, 0x0419, 0x251C, 0x0000, 0x043B, 0x0000, 0x0404, 0x0000,
        0x0000, 0x2560, 0x0426, 0x00A4, 0x0000, 0x0448, 0x0000, 0x0411,
        0x2514, 0x0000, 0x0433, 0x0000, 0x0000, 0x0000, 0x0000, 0x2558,
        0x041E, 0x0000, 0x0000, 0x0440, 0x0000, 0x0000, 0x0000, 0x221A,
        0x250C, 0x042B, 0x2565, 0x0000, 0x044D, 0x2550, 0x0416, 0x0000,
        0x0000, 0x0000, 0x0438, 0x0000, 0x0401, 0x0000, 0x255D, 0x0423,
        0x0000, 0x0000, 0x0445, 0x0000, 0x040E, 0x0000, 0x0000, 0x256A,
        0x0430, 0x0000, 0x258C, 0x0000, 0x0000, 0x041B, 0x2555, 0x0000,
        0x0000, 0x043D, 0x0000, 0x0000, 0x0000, 0x2562, 0x0428, 0x0000,
        0x0000, 0x044A, 0x2584, 0x0000, 0x0413, 0x0000, 0x0000, 0x0435,
        0x0000, 0x0000, 0x0457, 0x2591, 0x0420, 0x255A, 0x0000, 0x0000,
        0x0442, 0x0000, 0x0000, 0x0000, 0x2567, 0x042D, 0x0000, 0x0000,
        0x0000, 0x044F, 0x2552, 0x0418, 0x0000, 0x0000, 0x043A, 0x0000,
        0x0000, 0x0000, 0x0000, 0x0425, 0x255F, 0x0000, 0x0000, 0x0447,
        0x2116, 0x0410, 0x0000, 0x256C, 0x0432, 0x0000, 0x00B0, 0x0000,
        0x0454, 0x2557, 0x041D, 0x0000, 0x0000, 0x043F, 0x0000, 0x0000,
        0x0000, 0x2219, 0x2564, 0x042A, 0x0000, 0x0000, 0x044C, 0x0000,
        0x0415, 0x2518, 0x0000, 0x0437, 0x0000, 0x0000, 0x2593, 0x0000,
        0x255C, 0x0422, 0x00A0, 0x0000, 0x0444, 0x0000, 0x0000, 0x25A0,
        0x2510, 0x2569, 0x042F, 0x0000, 0x0000, 0x0451, 0x2554, 0x041A,
        0x0000, 0x0000, 0x043C, 0x0000, 0x0000, 0x0000, 0x045E, 0x2561,
        0x0427, 0x0000, 0x0000, 0x0449, 0x0000, 0x0412, 0x0000, 0x0000,
    };
    inline constexpr uint8_t ibm866_bytes[] = {
        0x00, 0xA4, 0x00, 0xDE, 0xC4, 0xD3, 0x8F, 0x00, 0x00, 0xE1, 0x00, 0x00, 0x00, 0x00, 0xCB, 0x9C,
        0x00, 0x00, 0xEE, 0xDB, 0x87, 0xBA, 0x00, 0x00, 0xA9, 0xFA, 0xC5, 0x00, 0xC6, 0x94, 0x00, 0x00,
        0xDF, 0xE6, 0x00, 0x00, 0x00, 0xD7, 0xA1, 0xC1, 0x00, 0x00, 0x00, 0x8C, 0xB7, 0x00, 0x00, 0xAE,
        0x00, 0xF4, 0x00, 0x00, 0x99, 0xB9, 0xC2, 0x00, 0xEB, 0x00, 0x84, 0x00, 0x00, 0xA6, 0x00, 0x00,
        0xB1, 0xB3, 0xBE, 0x91, 0xB4, 0x00, 0xE3, 0x00, 0x00, 0x00, 0x00, 0x9E, 0xD0, 0x00, 0x00, 0x00,
        0xD6, 0x89, 0xC3, 0x00, 0xAB, 0x00, 0xF2, 0x00, 0x00, 0xCC, 0x96, 0xFD, 0x00, 0xE8, 0x00, 0x81,
        0xC0, 0x00, 0xA3, 0x00, 0x00, 0x00, 0x00, 0xD4, 0x8E, 0x00, 0x00, 0xE0, 0x00, 0x00, 0x00, 0xFB,
        0xDA, 0x9B, 0xD2, 0x00, 0xED, 0xCD, 0x86, 0x00, 0x00, 0x00, 0xA8, 0x00, 0xF0, 0x00, 0xBC, 0x93,
        0x00, 0x00, 0xE5, 0x00, 0xF6, 0x00, 0x00, 0xD8, 0xA0, 0x00, 0xDD, 0x00, 0x00, 0x8B, 0xB8, 0x00,
        0x00, 0xAD, 0x00, 0x00, 0x00, 0xB6, 0x98, 0x00, 0x00, 0xEA, 0xDC, 0x00, 0x83, 0x00, 0x00, 0xA5,
        0x00, 0x00, 0xF5, 0xB0, 0x90, 0xC8, 0x00, 0x00, 0xE2, 0x00, 0x00, 0x00, 0xCF, 0x9D, 0x00, 0x00,
        0x00, 0xEF, 0xD5, 0x88, 0x00, 0x00, 0xAA, 0x00, 0x00, 0x00, 0x00, 0x95, 0xC7, 0x00, 0x00, 0xE7,
        0xFC, 0x80, 0x00, 0xCE, 0xA2, 0x00, 0xF8, 0x00, 0xF3, 0xBB, 0x8D, 0x00, 0x00, 0xAF, 0x00, 0x00,
        0x00, 0xF9, 0xD1, 0x9A, 0x00, 0x00, 0xEC, 0x00, 0x85, 0xD9, 0x00, 0xA7, 0x00, 0x00, 0xB2, 0x00,
        0xBD, 0x92, 0xFF, 0x00, 0xE4, 0x00, 0x00, 0xFE, 0xBF, 0xCA, 0x9F, 0x00, 0x00, 0xF1, 0xC9, 0x8A,
        0x00, 0x00, 0xAC, 0x00, 0x00, 0x00, 0xF7, 0xB5, 0x97, 0x00, 0x00, 0xE9, 0x00, 0x82, 0x00, 0x00,
    };

    // iso-8859-2
    inline constexpr char16_t iso8859_2_to[] = {
        0x0000, 0x0001, 0x0002, 0x0003, 0x0004, 0x0005, 0x0006, 0x0007,
        0x0008, 0x0009, 0x000A, 0x000B, 0x000C, 0x000D, 0x000E, 0x000F,
        0x0010, 0x0011, 0x0012, 0x0013, 0x0014, 0x0015, 0x0016, 0x0017,
        0x0018, 0x0019, 0x001A, 0x001B, 0x001C, 0x001D, 0x001E, 0x001F,
        0x0020, 0x0021, 0x0022, 0x0023, 0x0024, 0x0025, 0x0026, 0x0027,
        0x0028, 0x0029, 0x002A, 0x002B, 0x002C, 0x002D, 0x002E, 0x002F,
        0x0030, 0x0031, 0x0032, 0x0033, 0x0034, 0x0035, 0x0036, 0x0037,
        0x0038, 0x0039, 0x003A, 0x003B, 0x003C, 0x003D, 0x003E, 0x003F,
        0x0040, 0x0041, 0x0042, 0x0043, 0x0044, 0x0045, 0x0046, 0x0047,
        0x0048, 0x0049, 0x004A, 0x004B, 0x004C, 0x004D, 0x004E, 0x004F,
        0x0050, 0x0051, 0x0052, 0x0053, 0x0054, 0x0055, 0x0056, 0x0057,
        0x0058, 0x0059, 0x005A, 0x005B, 0x005C, 0x005D, 0x005E, 0x005F,
        0x0060, 0x0061, 0x0062, 0x0063, 0x0064, 0x0065, 0x0066, 0x0067,
        0x0068, 0x0069, 0x006A, 0x006B, 0x006C, 0x006D, 0x006E, 0x006F,
        0x0070, 0x0071, 0x0072, 0x0073, 0x0074, 0x0075, 0x0076, 0x0077,
        0x0078, 0x0079, 0x007A, 0x007B, 0x007C, 0x007D, 0x007E, 0x007F,
        0x0080, 0x0081, 0x0082, 0x0083, 0x0084, 0x0085, 0x0086, 0x0087,
        0x0088, 0x0089, 0x008A, 0x008B, 0x008C, 0x008D, 0x008E, 0x008F,
        0x0090, 0x0091, 0x0092, 0x0093, 0x0094, 0x0095, 0x0096, 0x0097,
        0x0098, 0x0099, 0x009A, 0x009B, 0x009C, 0x009D, 0x009E, 0x009F,
        0x00A0, 0x0104, 0x02D8, 0x0141, 0x00A4, 0x013D, 0x015A, 0x00A7,
        0x00A8, 0x0160, 0x015E, 0x0164, 0x0179, 0x00AD, 0x017D, 0x017B,
        0x00B0, 0x0105, 0x02DB, 0x0142, 0x00B4, 0x013E, 0x015B, 0x02C7,
        0x00B8, 0x0161, 0x015F, 0x0165, 0x017A, 0x02DD, 0x017E, 0x017C,
        0x0154, 0x00C1, 0x00C2, 0x0102, 0x00C4, 0x0139, 0x0106, 0x00C7,
        0x010C, 0x00C9, 0x0118, 0x00CB, 0x011A, 0x00CD, 0x00CE, 0x010E,
        0x0110, 0x0143, 0x0147, 0x00D3, 0x00D4, 0x0150, 0x00D6, 0x00D7,
        0x0158, 0x016E, 0x00DA, 0x0170, 0x00DC, 0x00DD, 0x0162, 0x00DF,
        0x0155, 0x00E1, 0x00E2, 0x0103, 0x00E4, 0x013A, 0x0107, 0x00E7,
        0x010D, 0x00E9, 0x0119, 0x00EB, 0x011B, 0x00ED, 0x00EE, 0x010F,
        0x0111, 0x0144, 0x0148, 0x00F3, 0x00F4, 0x0151, 0x00F6, 0x00F7,
        0x0159, 0x016F, 0x00FA, 0x0171, 0x00FC, 0x00FD, 0x0163, 0x02D9,
    };
    inline constexpr uint16_t iso8859_2_keys[] = {
        0x00E9, 0x0142, 0x0179, 0x0000, 0x02DD, 0x00D4, 0x0164, 0x0000,
        0x009D, 0x00F6, 0x0000, 0x0000, 0x0118, 0x0088, 0x00E1, 0x0171,
        0x013A, 0x0000, 0x0103, 0x0000, 0x0000, 0x0000, 0x0095, 0x00EE,
        0x0147, 0x017E, 0x0110, 0x0080, 0x0000, 0x0000, 0x0000, 0x0000,
        0x0000, 0x0154, 0x00C4, 0x0000, 0x008D, 0x0000, 0x0000, 0x0000,
        0x0000, 0x0000, 0x0161, 0x0000, 0x0000, 0x009A, 0x00F3, 0x0000,
        0x0000, 0x0000, 0x0085, 0x016E, 0x0000, 0x0000, 0x00A7, 0x0000,
        0x0159, 0x00C9, 0x0000, 0x0092, 0x00EB, 0x017B, 0x0144, 0x00B4,
        0x010D, 0x0000, 0x00D6, 0x0000, 0x009F, 0x0000, 0x0000, 0x00C1,
        0x0151, 0x008A, 0x011A, 0x0000, 0x0000, 0x0000, 0x0105, 0x015E,
        0x00CE, 0x0000, 0x0097, 0x0000, 0x0000, 0x0000, 0x0000, 0x0000,
        0x0082, 0x0000, 0x0000, 0x00A4, 0x00FD, 0x0000, 0x0000, 0x0000,
        0x008F, 0x0000, 0x0000, 0x0141, 0x0000, 0x0000, 0x0163, 0x00D3,
        0x0000, 0x009C, 0x0000, 0x0000, 0x02C7, 0x0000, 0x0000, 0x0087,
        0x0170, 0x0139, 0x0000, 0x0102, 0x0000, 0x00CB, 0x015B, 0x0000,
        0x0094, 0x00ED, 0x017D, 0x0000, 0x010F, 0x0000, 0x0000, 0x0000,
        0x0000, 0x0000, 0x00FA, 0x0000, 0x0000, 0x0000, 0x008C, 0x0000,
        0x013E, 0x0000, 0x0107, 0x02D9, 0x0160, 0x0000, 0x0000, 0x0099,
        0x0000, 0x0000, 0x0000, 0x0000, 0x0084, 0x00DD, 0x0000, 0x0000,
        0x0000, 0x0000, 0x0158, 0x0000, 0x0000, 0x0091, 0x017A, 0x0143,
        0x0000, 0x0000, 0x010C, 0x0165, 0x0000, 0x0000, 0x009E, 0x00F7,
        0x0150, 0x0000, 0x0119, 0x0089, 0x00E2, 0x0000, 0x0000, 0x0000,
        0x0104, 0x0000, 0x00CD, 0x0000, 0x0096, 0x0000, 0x0000, 0x00B8,
        0x0148, 0x0081, 0x0111, 0x00DA, 0x0000, 0x0000, 0x00FC, 0x0155,
        0x0000, 0x0000, 0x008E, 0x0000, 0x00E7, 0x0000, 0x00B0, 0x0000,
        0x0162, 0x02DB, 0x0000, 0x009B, 0x00F4, 0x0000, 0x0000, 0x0000,
        0x0000, 0x0086, 0x00DF, 0x016F, 0x00A8, 0x0000, 0x015A, 0x0000,
        0x0000, 0x0093, 0x017C, 0x0000, 0x0000, 0x0000, 0x010E, 0x0000,
        0x00D7, 0x0000, 0x00A0, 0x0000, 0x0000, 0x0000, 0x00C2, 0x011B,
        0x008B, 0x00E4, 0x013D, 0x00AD, 0x0106, 0x02D8, 0x015F, 0x0000,
        0x0098, 0x0000, 0x0000, 0x0000, 0x0000, 0x0000, 0x0083, 0x00DC,
        0x0000, 0x0000, 0x0000, 0x0000, 0x0000, 0x00C7, 0x0000, 0x0090,
    };
    inline constexpr uint8_t iso8859_2_bytes[] = {
        0xE9, 0xB3, 0xAC, 0x00, 0xBD, 0xD4, 0xAB, 0x00, 0x9D, 0xF6, 0x00, 0x00, 0xCA, 0x88, 0xE1, 0xFB,
        0xE5, 0x00, 0xE3, 0x00, 0x00, 0x00, 0x95, 0xEE, 0xD2, 0xBE, 0xD0, 0x80, 0x00, 0x00, 0x00, 0x00,
        0x00, 0xC0, 0xC4, 0x00, 0x8D, 0x00, 0x00, 0x00, 0x00, 0x00, 0xB9, 0x00, 0x00, 0x9A, 0xF3, 0x00,
        0x00, 0x00, 0x85, 0xD9, 0x00, 0x00, 0xA7, 0x00, 0xF8, 0xC9, 0x00, 0x92, 0xEB, 0xAF, 0xF1, 0xB4,
        0xE8, 0x00, 0xD6, 0x00, 0x9F, 0x00, 0x00, 0xC1, 0xF5, 0x8A, 0xCC, 0x00, 0x00, 0x00, 0xB1, 0xAA,
        0xCE, 0x00, 0x97, 0x00, 0x00, 0x00, 0x00, 0x00, 0x82, 0x00, 0x00, 0xA4, 0xFD, 0x00, 0x00, 0x00,
        0x8F, 0x00, 0x00, 0xA3, 0x00, 0x00, 0xFE, 0xD3, 0x00, 0x9C, 0x00, 0x00, 0xB7, 0x00, 0x00, 0x87,
        0xDB, 0xC5, 0x00, 0xC3, 0x00, 0xCB, 0xB6, 0x00, 0x94, 0xED, 0xAE, 0x00, 0xEF, 0x00, 0x00, 0x00,
        0x00, 0x00, 0xFA, 0x00, 0x00, 0x00, 0x8C, 0x00, 0xB5, 0x00, 0xE6, 0xFF, 0xA9, 0x00, 0x00, 0x99,
        0x00, 0x00, 0x00, 0x00, 0x84, 0xDD, 0x00, 0x00, 0x00, 0x00, 0xD8, 0x00, 0x00, 0x91, 0xBC, 0xD1,
        0x00, 0x00, 0xC8, 0xBB, 0x00, 0x00, 0x9E, 0xF7, 0xD5, 0x00, 0xEA, 0x89, 0xE2, 0x00, 0x00, 0x00,
        0xA1, 0x00, 0xCD, 0x00, 0x96, 0x00, 0x00, 0xB8, 0xF2, 0x81, 0xF0, 0xDA, 0x00, 0x00, 0xFC, 0xE0,
        0x00, 0x00, 0x8E, 0x00, 0xE7, 0x00, 0xB0, 0x00, 0xDE, 0xB2, 0x00, 0x9B, 0xF4, 0x00, 0x00, 0x00,
        0x00, 0x86, 0xDF, 0xF9, 0xA8, 0x00, 0xA6, 0x00, 0x00, 0x93, 0xBF, 0x00, 0x00, 0x00, 0xCF, 0x00,
        0xD7, 0x00, 0xA0, 0x00, 0x00, 0x00, 0xC2, 0xEC, 0x8B, 0xE4, 0xA5, 0xAD, 0xC6, 0xA2, 0xBA, 0x00,
        0x98, 0x00, 0x00, 0x00, 0x00, 0x00, 0x83, 0xDC, 0x00, 0x00, 0x00, 0x00, 0x00, 0xC7, 0x00, 0x90,
    };

    // iso-8859-3
    inline constexpr char16_t iso8859_3_to[] = {
        0x0000, 0x0001, 0x0002, 0x0003, 0x0004, 0x0005, 0x0006, 0x0007,
        0x0008, 0x0009, 0x000A, 0x000B, 0x000C, 0x000D, 0x000E, 0x000F,
        0x0010, 0x0011, 0x0012, 0x0013, 0x0014, 0x0015, 0x0016, 0x0017,
        0x0018, 0x0019, 0x001A, 0x001B, 0x001C, 0x001D, 0x001E, 0x001F,
        0x0020, 0x0021, 0x0022, 0x0023, 0x0024, 0x0025, 0x0026, 0x0027,
        0x0028, 0x0029, 0x002A, 0x002B, 0x002C, 0x002D, 0x002E, 0x002F,
        0x0030, 0x0031, 0x0032, 0x0033, 0x0034, 0x0035, 0x0036, 0x0037,
        0x0038, 0x0039, 0x003A, 0x003B, 0x003C, 0x003D, 0x003E, 0x003F,
        0x0040, 0x0041, 0x0042, 0x0043, 0x0044, 0x0045, 0x0046, 0x0047,
        0x0048, 0x0049, 0x004A, 0x004B, 0x004C, 0x004D, 0x004E, 0x004F,
        0x0050, 0x0051, 0x0052, 0x0053, 0x0054, 0x0055, 0x0056, 0x0057,
        0x0058, 0x0059, 0x005A, 0x005B, 0x005C, 0x005D, 0x005E, 0x005F,
        0x0060, 0x0061, 0x0062, 0x0063, 0x0064, 0x0065, 0x0066, 0x0067,
        0x0068, 0x0069, 0x006A, 0x006B, 0x006C, 0x006D, 0x006E, 0x006F,
        0x0070, 0x0071, 0x0072, 0x0073, 0x0074, 0x0075, 0x0076, 0x0077,
        0x0078, 0x0079, 0x007A, 0x007B, 0x007C, 0x007D, 0x007E, 0x007F,
        0x0080, 0x0081, 0x0082, 0x0083, 0x0084, 0x0085, 0x0086, 0x0087,
        0x0088, 0x0089, 0x008A, 0x008B, 0x008C, 0x008D, 0x008E, 0x008F,
        0x0090, 0x0091, 0x0092, 0x0093, 0x0094, 0x0095, 0x0096, 0x0097,
        0x0098, 0x0099, 0x009A, 0x009B, 0x009C, 0x009D, 0x009E, 0x009F,
        0x00A0, 0x0126, 0x02D8, 0x00A3, 0x00A4, 0xFFFD, 0x0124, 0x00A7,
        0x00A8, 0x0130, 0x015E, 0x011E, 0x0134, 0x00AD, 0xFFFD, 0x017B,
        0x00B0, 0x0127, 0x00B2, 0x00B3, 0x00B4, 0x00B5, 0x0125, 0x00B7,
        0x00B8, 0x0131, 0x015F, 0x011F, 0x0135, 0x00BD, 0xFFFD, 0x017C,
        0x00C0, 0x00C1, 0x00C2, 0xFFFD, 0x00C4, 0x010A, 0x0108, 0x00C7,
        0x00C8, 0x00C9, 0x00CA, 0x00CB, 0x00CC, 0x00CD, 0x00CE, 0x00CF,
        0xFFFD, 0x00D1, 0x00D2, 0x00D3, 0x00D4, 0x0120, 0x00D6, 0x00D7,
        0x011C, 0x00D9, 0x00DA, 0x00DB, 0x00DC, 0x016C, 0x015C, 0x00DF,
        0x00E0, 0x00E1, 0x00E2, 0xFFFD, 0x00E4, 0x010B, 0x0109, 0x00E7,
        0x00E8, 0x00E9, 0x00EA, 0x00EB, 0x00EC, 0x00ED, 0x00EE, 0x00EF,
        0xFFFD, 0x00F1, 0x00F2, 0x00F3, 0x00F4, 0x0121, 0x00F6, 0x00F7,
        0x011D, 0x00F9, 0x00FA, 0x00FB, 0x00FC, 0x016D, 0x015D, 0x02D9,
    };
    inline constexpr uint16_t iso8859_3_keys[] = {
        0x00E9, 0x0000, 0x00B2, 0x010B, 0x0000, 0x00D4, 0x0000, 0x0000,
        0x009D, 0x00F6, 0x0000, 0x0000, 0x0000, 0x0088, 0x00E1, 0x0000,
        0x0000, 0x0000, 0x0000, 0x015C, 0x00CC, 0x0125, 0x0095, 0x00EE,
        0x0000, 0x00B7, 0x0000, 0x0080, 0x0000, 0x00D9, 0x0000, 0x0000,
        0x00FB, 0x0000, 0x00C4, 0x011D, 0x008D, 0x0000, 0x0000, 0x0000,
        0x0000, 0x0108, 0x0000, 0x00D1, 0x0000, 0x009A, 0x00F3, 0x0000,
        0x0000, 0x0000, 0x0085, 0x0000, 0x0000, 0x0000, 0x00A7, 0x0000,
        0x0000, 0x00C9, 0x0000, 0x0092, 0x00EB, 0x017B, 0x0000, 0x00B4,
        0x0000, 0x0000, 0x00D6, 0x0000, 0x009F, 0x0000, 0x0000, 0x00C1,
        0x0000, 0x008A, 0x0000, 0x0000, 0x0000, 0x0000, 0x0000, 0x015E,
        0x00CE, 0x0127, 0x0097, 0x0000, 0x0000, 0x0000, 0x0000, 0x0000,
        0x0082, 0x00DB, 0x0134, 0x00A4, 0x0000, 0x0000, 0x0000, 0x0000,
        0x008F, 0x011F, 0x00E8, 0x0000, 0x0000, 0x010A, 0x0000, 0x00D3,
        0x0000, 0x009C, 0x0000, 0x0000, 0x0000, 0x0000, 0x0000, 0x0087,
        0x00E0, 0x0000, 0x0000, 0x0000, 0x0000, 0x00CB, 0x0000, 0x0124,
        0x0094, 0x00ED, 0x0000, 0x0000, 0x0000, 0x0000, 0x0000, 0x0000,
        0x0131, 0x0000, 0x00FA, 0x0000, 0x0000, 0x011C, 0x008C, 0x0000,
        0x0000, 0x0000, 0x0000, 0x02D9, 0x0000, 0x0000, 0x0000, 0x0099,
        0x00F2, 0x0000, 0x0000, 0x0000, 0x0084, 0x016D, 0x0000, 0x0000,
        0x0000, 0x0000, 0x0000, 0x00C8, 0x0121, 0x0091, 0x00EA, 0x0000,
        0x00B3, 0x0000, 0x0000, 0x0000, 0x0000, 0x0000, 0x009E, 0x00F7,
        0x0000, 0x00C0, 0x0000, 0x0089, 0x00E2, 0x0000, 0x0000, 0x0000,
        0x0000, 0x015D, 0x00CD, 0x0126, 0x0096, 0x00EF, 0x0000, 0x00B8,
        0x0000, 0x0081, 0x0000, 0x00DA, 0x0000, 0x00A3, 0x00FC, 0x0000,
        0x0000, 0x011E, 0x008E, 0x0000, 0x00E7, 0x0000, 0x00B0, 0x0109,
        0x0000, 0x00D2, 0x0000, 0x009B, 0x00F4, 0x0000, 0x00BD, 0x0000,
        0x0000, 0x0086, 0x00DF, 0x0000, 0x00A8, 0x0000, 0x0000, 0x00CA,
        0x0000, 0x0093, 0x017C, 0x00EC, 0x0000, 0x00B5, 0x0000, 0x0000,
        0x00D7, 0x0130, 0x00A0, 0x00F9, 0x0000, 0x0000, 0x00C2, 0x0000,
        0x008B, 0x00E4, 0x0000, 0x00AD, 0x0000, 0x02D8, 0x00CF, 0x015F,
        0x0098, 0x0000, 0x00F1, 0x0000, 0x0000, 0x0000, 0x0083, 0x00DC,
        0x0135, 0x016C, 0x0000, 0x0000, 0x0000, 0x00C7, 0x0120, 0x0090,
    };
    inline constexpr uint8_t iso8859_3_bytes[] = {
        0xE9, 0x00, 0xB2, 0xE5, 0x00, 0xD4, 0x00, 0x00, 0x9D, 0xF6, 0x00, 0x00, 0x00, 0x88, 0xE1, 0x00,
        0x00, 0x00, 0x00, 0xDE, 0xCC, 0xB6, 0x95, 0xEE, 0x00, 0xB7, 0x00, 0x80, 0x00, 0xD9, 0x00, 0x00,
        0xFB, 0x00, 0xC4, 0xF8, 0x8D, 0x00, 0x00, 0x00, 0x00, 0xC6, 0x00, 0xD1, 0x00, 0x9A, 0xF3, 0x00,
        0x00, 0x00, 0x85, 0x00, 0x00, 0x00, 0xA7, 0x00, 0x00, 0xC9, 0x00, 0x92, 0xEB, 0xAF, 0x00, 0xB4,
        0x00, 0x00, 0xD6, 0x00, 0x9F, 0x00, 0x00, 0xC1, 0x00, 0x8A, 0x00, 0x00, 0x00, 0x00, 0x00, 0xAA,
        0xCE, 0xB1, 0x97, 0x00, 0x00, 0x00, 0x00, 0x00, 0x82, 0xDB, 0xAC, 0xA4, 0x00, 0x00, 0x00, 0x00,
        0x8F, 0xBB, 0xE8, 0x00, 0x00, 0xC5, 0x00, 0xD3, 0x00, 0x9C, 0x00, 0x00, 0x00, 0x00, 0x00, 0x87,
        0xE0, 0x00, 0x00, 0x00, 0x00, 0xCB, 0x00, 0xA6, 0x94, 0xED, 0x00, 0x00, 0x00, 0x00, 0x00, 0x00,
        0xB9, 0x00, 0xFA, 0x00, 0x00, 0xD8, 0x8C, 0x00, 0x00, 0x00, 0x00, 0xFF, 0x00, 0x00, 0x00, 0x99,
        0xF2, 0x00, 0x00, 0x00, 0x84, 0xFD, 0x00, 0x00, 0x00, 0x00, 0x00, 0xC8, 0xF5, 0x91, 0xEA, 0x00,
        0xB3, 0x00, 0x00, 0x00, 0x00, 0x00, 0x9E, 0xF7, 0x00, 0xC0, 0x00, 0x89, 0xE2, 0x00, 0x00, 0x00,
        0x00, 0xFE, 0xCD, 0xA1, 0x96, 0xEF, 0x00, 0xB8, 0x00, 0x81, 0x00, 0xDA, 0x00, 0xA3, 0xFC, 0x00,
        0x00, 0xAB, 0x8E, 0x00, 0xE7, 0x00, 0xB0, 0xE6, 0x00, 0xD2, 0x00, 0x9B, 0xF4, 0x00, 0xBD, 0x00,
        0x00, 0x86, 0xDF, 0x00, 0xA8, 0x00, 0x00, 0xCA, 0x00, 0x93, 0xBF, 0xEC, 0x00, 0xB5, 0x00, 0x00,
        0xD7, 0xA9, 0xA0, 0xF9, 0x00, 0x00, 0xC2, 0x00, 0x8B, 0xE4, 0x00, 0xAD, 0x00, 0xA2, 0xCF, 0xBA,
        0x98, 0x00, 0xF1, 0x00, 0x00, 0x00, 0x83, 0xDC, 0xBC, 0xDD, 0x00, 0x00, 0x00, 0xC7, 0xD5, 0x90,
    };

    // iso-8859-4
    inline constexpr char16_t iso8859_4_to[] = {
        0x0000, 0x0001, 0x0002, 0x0003, 0x0004, 0x0005, 0x0006, 0x0007,
        0x0008, 0x0009, 0x000A, 0x000B, 0x000C, 0x000D, 0x000E, 0x000F,
        0x0010, 0x0011, 0x0012, 0x0013, 0x0014, 0x0015, 0x0016, 0x0017,
        0x0018, 0x0019, 0x001A, 0x001B, 0x001C, 0x001D, 0x001E, 0x001F,
        0x0020, 0x0021, 0x0022, 0x0023, 0x0024, 0x0025, 0x0026, 0x0027,
        0x0028, 0x0029, 0x002A, 0x002B, 0x002C, 0x002D, 0x002E, 0x002F,
        0x0030, 0x0031, 0x0032, 0x0033, 0x0034, 0x0035, 0x0036, 0x0037,
        0x0038, 0x0039, 0x003A, 0x003B, 0x003C, 0x003D, 0x003E, 0x003F,
        0x0040, 0x0041, 0x0042, 0x0043, 0x0044, 0x0045, 0x0046, 0x0047,
        0x0048, 0x0049, 0x004A, 0x004B, 0x004C, 0x004D, 0x004E, 0x004F,
        0x0050, 0x0051, 0x0052, 0x0053, 0x0054, 0x0055, 0x0056, 0x0057,
        0x0058, 0x0059, 0x005A, 0x005B, 0x005C, 0x005D, 0x005E, 0x005F,
        0x0060, 0x0061, 0x0062, 0x0063, 0x0064, 0x0065, 0x0066, 0x0067,
        0x0068, 0x0069, 0x006A, 0x006B, 0x006C, 0x006D, 0x006E, 0x006F,
        0x0070, 0x0071, 0x0072, 0x0073, 0x0074, 0x0075, 0x0076, 0x0077,
        0x0078, 0x0079, 0x007A, 0x007B, 0x007C, 0x007D, 0x007E, 0x007F,
        0x0080, 0x0081, 0x0082, 0x0083, 0x0084, 0x0085, 0x0086, 0x0087,
        0x0088, 0x0089, 0x008A, 0x008B, 0x008C, 0x008D, 0x008E, 0x008F,
        0x0090, 0x0091, 0x0092, 0x0093, 0x0094, 0x0095, 0x0096, 0x0097,
        0x0098, 0x0099, 0x009A, 0x009B, 0x009C, 0x009D, 0x009E, 0x009F,
        0x00A0, 0x0104, 0x0138, 0x0156, 0x00A4, 0x0128, 0x013B, 0x00A7,
        0x00A8, 0x0160, 0x0112, 0x0122, 0x0166, 0x00AD, 0x017D, 0x00AF,
        0x00B0, 0x0105, 0x02DB, 0x0157, 0x00B4, 0x0129, 0x013C, 0x02C7,
        0x00B8, 0x0161, 0x0113, 0x0123, 0x0167, 0x014A, 0x017E, 0x014B,
        0x0100, 0x00C1, 0x00C2, 0x00C3, 0x00C4, 0x00C5, 0x00C6, 0x012E,
        0x010C, 0x00C9, 0x0118, 0x00CB, 0x0116, 0x00CD, 0x00CE, 0x012A,
        0x0110, 0x0145, 0x014C, 0x0136, 0x00D4, 0x00D5, 0x00D6, 0x00D7,
        0x00D8, 0x0172, 0x00DA, 0x00DB, 0x00DC, 0x0168, 0x016A, 0x00DF,
        0x0101, 0x00E1, 0x00E2, 0x00E3, 0x00E4, 0x00E5, 0x00E6, 0x012F,
        0x010D, 0x00E9, 0x0119, 0x00EB, 0x0117, 0x00ED, 0x00EE, 0x012B,
        0x0111, 0x0146, 0x014D, 0x0137, 0x00F4, 0x00F5, 0x00F6, 0x00F7,
        0x00F8, 0x0173, 0x00FA, 0x00FB, 0x00FC, 0x0169, 0x016B, 0x02D9,
    };
    inline constexpr uint16_t iso8859_4_keys[] = {
        0x00E9, 0x0000, 0x0000, 0x0000, 0x0000, 0x00D4, 0x0000, 0x0000,
        0x009D, 0x00F6, 0x0000, 0x0000, 0x0118, 0x0088, 0x00E1, 0x0000,
        0x0000, 0x0000, 0x0000, 0x0000, 0x0000, 0x0000, 0x0095, 0x00EE,
        0x017E, 0x0000, 0x0110, 0x0080, 0x0169, 0x0000, 0x0000, 0x0000,
        0x00FB, 0x0000, 0x00C4, 0x0000, 0x008D, 0x00E6, 0x0000, 0x00AF,
        0x0000, 0x0000, 0x0161, 0x0000, 0x012A, 0x009A, 0x0000, 0x014C,
        0x0000, 0x0000, 0x0085, 0x0000, 0x0000, 0x0137, 0x00A7, 0x0100,
        0x0000, 0x00C9, 0x0122, 0x0092, 0x00EB, 0x0000, 0x0000, 0x00B4,
        0x010D, 0x0166, 0x00D6, 0x012F, 0x009F, 0x00F8, 0x0000, 0x00C1,
        0x0000, 0x008A, 0x0173, 0x00E3, 0x013C, 0x0000, 0x0105, 0x0000,
        0x00CE, 0x0000, 0x0097, 0x0000, 0x0000, 0x0000, 0x0000, 0x0112,
        0x0082, 0x00DB, 0x016B, 0x00A4, 0x0000, 0x0000, 0x00C6, 0x0156,
        0x008F, 0x0000, 0x0000, 0x0000, 0x0000, 0x0000, 0x0000, 0x0000,
        0x0000, 0x009C, 0x0000, 0x00F5, 0x02C7, 0x0000, 0x0117, 0x0087,
        0x0000, 0x0000, 0x0000, 0x0000, 0x0000, 0x00CB, 0x0000, 0x0000,
        0x0094, 0x00ED, 0x0146, 0x017D, 0x0000, 0x0000, 0x00D8, 0x0168,
        0x0000, 0x0000, 0x00FA, 0x0000, 0x00C3, 0x0000, 0x008C, 0x00E5,
        0x0000, 0x0000, 0x0000, 0x02D9, 0x0160, 0x0000, 0x0129, 0x0099,
        0x0000, 0x014B, 0x0000, 0x0000, 0x0084, 0x0000, 0x0000, 0x0136,
        0x0000, 0x0000, 0x0000, 0x0000, 0x0000, 0x0091, 0x0000, 0x0000,
        0x0000, 0x0000, 0x010C, 0x0000, 0x00D5, 0x012E, 0x009E, 0x00F7,
        0x0000, 0x0000, 0x0119, 0x0089, 0x00E2, 0x0172, 0x013B, 0x0000,
        0x0104, 0x0000, 0x00CD, 0x0000, 0x0096, 0x0000, 0x0000, 0x00B8,
        0x0000, 0x0081, 0x0111, 0x00DA, 0x016A, 0x0000, 0x00FC, 0x0000,
        0x00C5, 0x0000, 0x008E, 0x0000, 0x0000, 0x0000, 0x00B0, 0x0000,
        0x02DB, 0x0000, 0x012B, 0x009B, 0x00F4, 0x0000, 0x014D, 0x0000,
        0x0116, 0x0086, 0x00DF, 0x0138, 0x00A8, 0x0101, 0x0000, 0x0000,
        0x0000, 0x0093, 0x0123, 0x0000, 0x0145, 0x0000, 0x0000, 0x0167,
        0x00D7, 0x0000, 0x00A0, 0x0000, 0x0000, 0x0000, 0x00C2, 0x0000,
        0x008B, 0x00E4, 0x0000, 0x00AD, 0x0000, 0x0000, 0x0000, 0x0000,
        0x0098, 0x0128, 0x0000, 0x014A, 0x0000, 0x0113, 0x0083, 0x00DC,
        0x0000, 0x0000, 0x0000, 0x0000, 0x0157, 0x0000, 0x0000, 0x0090,
    };
    inline constexpr uint8_t iso8859_4_bytes[] = {
        0xE9, 0x00, 0x00, 0x00, 0x00, 0xD4, 0x00, 0x00, 0x9D, 0xF6, 0x00, 0x00, 0xCA, 0x88, 0xE1, 0x00,
        0x00, 0x00, 0x00, 0x00, 0x00, 0x00, 0x95, 0xEE, 0xBE, 0x00, 0xD0, 0x80, 0xFD, 0x00, 0x00, 0x00,
        0xFB, 0x00, 0xC4, 0x00, 0x8D, 0xE6, 0x00, 0xAF, 0x00, 0x00, 0xB9, 0x00, 0xCF, 0x9A, 0x00, 0xD2,
        0x00, 0x00, 0x85, 0x00, 0x00, 0xF3, 0xA7, 0xC0, 0x00, 0xC9, 0xAB, 0x92, 0xEB, 0x00, 0x00, 0xB4,
        0xE8, 0xAC, 0xD6, 0xE7, 0x9F, 0xF8, 0x00, 0xC1, 0x00, 0x8A, 0xF9, 0xE3, 0xB6, 0x00, 0xB1, 0x00,
        0xCE, 0x00, 0x97, 0x00, 0x00, 0x00, 0x00, 0xAA, 0x82, 0xDB, 0xFE, 0xA4, 0x00, 0x00, 0xC6, 0xA3,
        0x8F, 0x00, 0x00, 0x00, 0x00, 0x00, 0x00, 0x00, 0x00, 0x9C, 0x00, 0xF5, 0xB7, 0x00, 0xEC, 0x87,
        0x00, 0x00, 0x00, 0x00, 0x00, 0xCB, 0x00, 0x00, 0x94, 0xED, 0xF1, 0xAE, 0x00, 0x00, 0xD8, 0xDD,
        0x00, 0x00, 0xFA, 0x00, 0xC3, 0x00, 0x8C, 0xE5, 0x00, 0x00, 0x00, 0xFF, 0xA9, 0x00, 0xB5, 0x99,
        0x00, 0xBF, 0x00, 0x00, 0x84, 0x00, 0x00, 0xD3, 0x00, 0x00, 0x00, 0x00, 0x00, 0x91, 0x00, 0x00,
        0x00, 0x00, 0xC8, 0x00, 0xD5, 0xC7, 0x9E, 0xF7, 0x00, 0x00, 0xEA, 0x89, 0xE2, 0xD9, 0xA6, 0x00,
        0xA1, 0x00, 0xCD, 0x00, 0x96, 0x00, 0x00, 0xB8, 0x00, 0x81, 0xF0, 0xDA, 0xDE, 0x00, 0xFC, 0x00,
        0xC5, 0x00, 0x8E, 0x00, 0x00, 0x00, 0xB0, 0x00, 0xB2, 0x00, 0xEF, 0x9B, 0xF4, 0x00, 0xF2, 0x00,
        0xCC, 0x86, 0xDF, 0xA2, 0xA8, 0xE0, 0x00, 0x00, 0x00, 0x93, 0xBB, 0x00, 0xD1, 0x00, 0x00, 0xBC,
        0xD7, 0x00, 0xA0, 0x00, 0x00, 0x00, 0xC2, 0x00, 0x8B, 0xE4, 0x00, 0xAD, 0x00, 0x00, 0x00, 0x00,
        0x98, 0xA5, 0x00, 0xBD, 0x00, 0xBA, 0x83, 0xDC, 0x00, 0x00, 0x00, 0x00, 0xB3, 0x00, 0x00, 0x90,
    };

    // iso-8859-5
    inline constexpr char16_t iso8859_5_to[] = {
        0x0000, 0x0001, 0x0002, 0x0003, 0x0004, 0x0005, 0x0006, 0x0007,
        0x0008, 0x0009, 0x000A, 0x000B, 0x000C, 0x000D, 0x000E, 0x000F,
        0x0010, 0x0011, 0x0012, 0x0013, 0x0014, 0x0015, 0x0016, 0x0017,
        0x0018, 0x0019, 0x001A, 0x001B, 0x001C, 0x001D, 0x001E, 0x001F,
        0x0020, 0x0021, 0x0022, 0x0023, 0x0024, 0x0025, 0x0026, 0x0027,
        0x0028, 0x0029, 0x002A, 0x002B, 0x002C, 0x002D, 0x002E, 0x002F,
        0x0030, 0x0031, 0x0032, 0x0033, 0x0034, 0x0035, 0x0036, 0x0037,
        0x0038, 0x0039, 0x003A, 0x003B, 0x003C, 0x003D, 0x003E, 0x003F,
        0x0040, 0x0041, 0x0042, 0x0043, 0x0044, 0x0045, 0x0046, 0x0047,
        0x0048, 0x0049, 0x004A, 0x004B, 0x004C, 0x004D, 0x004E, 0x004F,
        0x0050, 0x0051, 0x0052, 0x0053, 0x0054, 0x0055, 0x0056, 0x0057,
        0x0058, 0x0059, 0x005A, 0x005B, 0x005C, 0x005D, 0x005E, 0x005F,
        0x0060, 0x0061, 0x0062, 0x0063, 0x0064, 0x0065, 0x0066, 0x0067,
        0x0068, 0x0069, 0x006A, 0x006B, 0x006C, 0x006D, 0x006E, 0x006F,
        0x0070, 0x0071, 0x0072, 0x0073, 0x0074, 0x0075, 0x0076, 0x0077,
        0x0078, 0x0079, 0x007A, 0x007B, 0x007C, 0x007D, 0x007E, 0x007F,
        0x0080, 0x0081, 0x0082, 0x0083, 0x0084, 0x0085, 0x0086, 0x0087,
        0x0088, 0x0089, 0x008A, 0x008B, 0x008C, 0x008D, 0x008E, 0x008F,
        0x0090, 0x0091, 0x0092, 0x0093, 0x0094, 0x0095, 0x0096, 0x0097,
        0x0098, 0x0099, 0x009A, 0x009B, 0x009C, 0x009D, 0x009E, 0x009F,
        0x00A0, 0x0401, 0x0402, 0x0403, 0x0404, 0x0405, 0x0406, 0x0407,
        0x0408, 0x0409, 0x040A, 0x040B, 0x040C, 0x00AD, 0x040E, 0x040F,
        0x0410, 0x0411, 0x0412, 0x0413, 0x0414, 0x0415, 0x0416, 0x0417,
        0x0418, 0x0419, 0x041A, 0x041B, 0x041C, 0x041D, 0x041E, 0x041F,
        0x0420, 0x0421, 0x0422, 0x0423, 0x0424, 0x0425, 0x0426, 0x0427,
        0x0428, 0x0429, 0x042A, 0x042B, 0x042C, 0x042D, 0x042E, 0x042F,
        0x0430, 0x0431, 0x0432, 0x0433, 0x0434, 0x0435, 0x0436, 0x0437,
        0x0438, 0x0439, 0x043A, 0x043B, 0x043C, 0x043D, 0x043E, 0x043F,
        0x0440, 0x0441, 0x0442, 0x0443, 0x0444, 0x0445, 0x0446, 0x0447,
        0x0448, 0x0449, 0x044A, 0x044B, 0x044C, 0x044D, 0x044E, 0x044F,
        0x2116, 0x0451, 0x0452, 0x0453, 0x0454, 0x0455, 0x0456, 0x0457,
        0x0458, 0x0459, 0x045A, 0x045B, 0x045C, 0x00A7, 0x045E, 0x045F,
    };
    inline constexpr uint16_t iso8859_5_keys[] = {
        0x0000, 0x0434, 0x0000, 0x0000, 0x0456, 0x0000, 0x041F, 0x0000,
        0x009D, 0x0441, 0x0000, 0x0000, 0x040A, 0x0088, 0x0000, 0x042C,
        0x0000, 0x0000, 0x044E, 0x0000, 0x0417, 0x0000, 0x0095, 0x0000,
        0x0439, 0x0000, 0x0402, 0x0080, 0x045B, 0x0424, 0x0000, 0x0000,
        0x0000, 0x0446, 0x0000, 0x040F, 0x008D, 0x0000, 0x0431, 0x0000,
        0x0000, 0x0453, 0x0000, 0x041C, 0x0000, 0x009A, 0x0000, 0x043E,
        0x0000, 0x0407, 0x0085, 0x0000, 0x0429, 0x0000, 0x00A7, 0x0000,
        0x044B, 0x0000, 0x0414, 0x0092, 0x0000, 0x0436, 0x0000, 0x0000,
        0x0458, 0x0000, 0x0000, 0x0421, 0x009F, 0x0000, 0x0443, 0x0000,
        0x040C, 0x008A, 0x0000, 0x042E, 0x0000, 0x0000, 0x0000, 0x0000,
        0x0000, 0x0419, 0x0097, 0x0000, 0x043B, 0x0000, 0x0404, 0x0000,
        0x0082, 0x0000, 0x0426, 0x0000, 0x0000, 0x0448, 0x0000, 0x0411,
        0x008F, 0x0000, 0x0433, 0x0000, 0x0000, 0x0000, 0x0455, 0x0000,
        0x041E, 0x009C, 0x0000, 0x0440, 0x0000, 0x0409, 0x0000, 0x0087,
        0x0000, 0x042B, 0x0000, 0x0000, 0x044D, 0x0000, 0x0416, 0x0000,
        0x0094, 0x0000, 0x0438, 0x0000, 0x0401, 0x045A, 0x0000, 0x0423,
        0x0000, 0x0000, 0x0445, 0x0000, 0x040E, 0x0000, 0x008C, 0x0000,
        0x0430, 0x0000, 0x0000, 0x0452, 0x0000, 0x041B, 0x0000, 0x0099,
        0x0000, 0x043D, 0x0000, 0x0406, 0x0084, 0x045F, 0x0428, 0x0000,
        0x0000, 0x044A, 0x0000, 0x0000, 0x0413, 0x0091, 0x0000, 0x0435,
        0x0000, 0x0000, 0x0457, 0x0000, 0x0420, 0x0000, 0x009E, 0x0000,
        0x0442, 0x0000, 0x040B, 0x0089, 0x0000, 0x042D, 0x0000, 0x0000,
        0x0000, 0x044F, 0x0000, 0x0418, 0x0096, 0x0000, 0x043A, 0x0000,
        0x0403, 0x0081, 0x045C, 0x0425, 0x0000, 0x0000, 0x0000, 0x0447,
        0x2116, 0x0410, 0x008E, 0x0000, 0x0432, 0x0000, 0x0000, 0x0000,
        0x0454, 0x0000, 0x041D, 0x009B, 0x0000, 0x043F, 0x0000, 0x0408,
        0x0000, 0x0086, 0x0000, 0x042A, 0x0000, 0x0000, 0x044C, 0x0000,
        0x0415, 0x0093, 0x0000, 0x0437, 0x0000, 0x0000, 0x0000, 0x0459,
        0x0000, 0x0422, 0x00A0, 0x0000, 0x0444, 0x0000, 0x0000, 0x0000,
        0x008B, 0x0000, 0x042F, 0x00AD, 0x0000, 0x0451, 0x0000, 0x041A,
        0x0098, 0x0000, 0x043C, 0x0000, 0x0405, 0x0000, 0x0083, 0x045E,
        0x0427, 0x0000, 0x0000, 0x0449, 0x0000, 0x0412, 0x0000, 0x0090,
    };
    inline constexpr uint8_t iso8859_5_bytes[] = {
        0x00, 0xD4, 0x00, 0x00, 0xF6, 0x00, 0xBF, 0x00, 0x9D, 0xE1, 0x00, 0x00, 0xAA, 0x88, 0x00, 0xCC,
        0x00, 0x00, 0xEE, 0x00, 0xB7, 0x00, 0x95, 0x00, 0xD9, 0x00, 0xA2, 0x80, 0xFB, 0xC4, 0x00, 0x00,
        0x00, 0xE6, 0x00, 0xAF, 0x8D, 0x00, 0xD1, 0x00, 0x00, 0xF3, 0x00, 0xBC, 0x00, 0x9A, 0x00, 0xDE,
        0x00, 0xA7, 0x85, 0x00, 0xC9, 0x00, 0xFD, 0x00, 0xEB, 0x00, 0xB4, 0x92, 0x00, 0xD6, 0x00, 0x00,
        0xF8, 0x00, 0x00, 0xC1, 0x9F, 0x00, 0xE3, 0x00, 0xAC, 0x8A, 0x00, 0xCE, 0x00, 0x00, 0x00, 0x00,
        0x00, 0xB9, 0x97, 0x00, 0xDB, 0x00, 0xA4, 0x00, 0x82, 0x00, 0xC6, 0x00, 0x00, 0xE8, 0x00, 0xB1,
        0x8F, 0x00, 0xD3, 0x00, 0x00, 0x00, 0xF5, 0x00, 0xBE, 0x9C, 0x00, 0xE0, 0x00, 0xA9, 0x00, 0x87,
        0x00, 0xCB, 0x00, 0x00, 0xED, 0x00, 0xB6, 0x00, 0x94, 0x00, 0xD8, 0x00, 0xA1, 0xFA, 0x00, 0xC3,
        0x00, 0x00, 0xE5, 0x00, 0xAE, 0x00, 0x8C, 0x00, 0xD0, 0x00, 0x00, 0xF2, 0x00, 0xBB, 0x00, 0x99,
        0x00, 0xDD, 0x00, 0xA6, 0x84, 0xFF, 0xC8, 0x00, 0x00, 0xEA, 0x00, 0x00, 0xB3, 0x91, 0x00, 0xD5,
        0x00, 0x00, 0xF7, 0x00, 0xC0, 0x00, 0x9E, 0x00, 0xE2, 0x00, 0xAB, 0x89, 0x00, 0xCD, 0x00, 0x00,
        0x00, 0xEF, 0x00, 0xB8, 0x96, 0x00, 0xDA, 0x00, 0xA3, 0x81, 0xFC, 0xC5, 0x00, 0x00, 0x00, 0xE7,
        0xF0, 0xB0, 0x8E, 0x00, 0xD2, 0x00, 0x00, 0x00, 0xF4, 0x00, 0xBD, 0x9B, 0x00, 0xDF, 0x00, 0xA8,
        0x00, 0x86, 0x00, 0xCA, 0x00, 0x00, 0xEC, 0x00, 0xB5, 0x93, 0x00, 0xD7, 0x00, 0x00, 0x00, 0xF9,
        0x00, 0xC2, 0xA0, 0x00, 0xE4, 0x00, 0x00, 0x00, 0x8B, 0x00, 0xCF, 0xAD, 0x00, 0xF1, 0x00, 0xBA,
        0x98, 0x00, 0xDC, 0x00, 0xA5, 0x00, 0x83, 0xFE, 0xC7, 0x00, 0x00, 0xE9, 0x00, 0xB2, 0x00, 0x90,
    };

    // iso-8859-6
    inline constexpr char16_t iso8859_6_to[] = {
        0x0000, 0x0001, 0x0002, 0x0003, 0x0004, 0x0005, 0x0006, 0x0007,
        0x0008, 0x0009, 0x000A, 0x000B, 0x000C, 0x000D, 0x000E, 0x000F,
        0x0010, 0x0011, 0x0012, 0x0013, 0x0014, 0x0015, 0x0016, 0x0017,
        0x0018, 0x0019, 0x001A, 0x001B, 0x001C, 0x001D, 0x001E, 0x001F,
        0x0020, 0x0021, 0x0022, 0x0023, 0x0024, 0x0025, 0x0026, 0x0027,
        0x0028, 0x0029, 0x002A, 0x002B, 0x002C, 0x002D, 0x002E, 0x002F,
        0x0030, 0x0031, 0x0032, 0x0033, 0x0034, 0x0035, 0x0036, 0x0037,
        0x0038, 0x0039, 0x003A, 0x003B, 0x003C, 0x003D, 0x003E, 0x003F,
        0x0040, 0x0041, 0x0042, 0x0043, 0x0044, 0x0045, 0x0046, 0x0047,
        0x0048, 0x0049, 0x004A, 0x004B, 0x004C, 0x004D, 0x004E, 0x004F,
        0x0050, 0x0051, 0x0052, 0x0053, 0x0054, 0x0055, 0x0056, 0x0057,
        0x0058, 0x0059, 0x005A, 0x005B, 0x005C, 0x005D, 0x005E, 0x005F,
        0x0060, 0x0061, 0x0062, 0x0063, 0x0064, 0x0065, 0x0066, 0x0067,
        0x0068, 0x0069, 0x006A, 0x006B, 0x006C, 0x006D, 0x006E, 0x006F,
        0x0070, 0x0071, 0x0072, 0x0073, 0x0074, 0x0075, 0x0076, 0x0077,
        0x0078, 0x0079, 0x007A, 0x007B, 0x007C, 0x007D, 0x007E, 0x007F,
        0x0080, 0x0081, 0x0082, 0x0083, 0x0084, 0x0085, 0x0086, 0x0087,
        0x0088, 0x0089, 0x008A, 0x008B, 0x008C, 0x008D, 0x008E, 0x008F,
        0x0090, 0x0091, 0x0092, 0x0093, 0x0094, 0x0095, 0x0096, 0x0097,
        0x0098, 0x0099, 0x009A, 0x009B, 0x009C, 0x009D, 0x009E, 0x009F,
        0x00A0, 0xFFFD, 0xFFFD, 0xFFFD, 0x00A4, 0xFFFD, 0xFFFD, 0xFFFD,
        0xFFFD, 0xFFFD, 0xFFFD, 0xFFFD, 0x060C, 0x00AD, 0xFFFD, 0xFFFD,
        0xFFFD, 0xFFFD, 0xFFFD, 0xFFFD, 0xFFFD, 0xFFFD, 0xFFFD, 0xFFFD,
        0xFFFD, 0xFFFD, 0xFFFD, 0x061B, 0xFFFD, 0xFFFD, 0xFFFD, 0x061F,
        0xFFFD, 0x0621, 0x0622, 0x0623, 0x0624, 0x0625, 0x0626, 0x0627,
        0x0628, 0x0629, 0x062A, 0x062B, 0x062C, 0x062D, 0x062E, 0x062F,
        0x0630, 0x0631, 0x0632, 0x0633, 0x0634, 0x0635, 0x0636, 0x0637,
        0x0638, 0x0639, 0x063A, 0xFFFD, 0xFFFD, 0xFFFD, 0xFFFD, 0xFFFD,
        0x0640, 0x0641, 0x0642, 0x0643, 0x0644, 0x0645, 0x0646, 0x0647,
        0x0648, 0x0649, 0x064A, 0x064B, 0x064C, 0x064D, 0x064E, 0x064F,
        0x0650, 0x0651, 0x0652, 0xFFFD, 0xFFFD, 0xFFFD, 0xFFFD, 0xFFFD,
        0xFFFD, 0xFFFD, 0xFFFD, 0xFFFD, 0xFFFD, 0xFFFD, 0xFFFD, 0xFFFD,
    };
    inline constexpr uint16_t iso8859_6_keys[] = {
        0x0000, 0x0000, 0x0000, 0x0000, 0x0000, 0x0628, 0x0000, 0x0000,
        0x009D, 0x064A, 0x0000, 0x0000, 0x0000, 0x0088, 0x0635, 0x0000,
        0x0000, 0x0000, 0x0000, 0x0000, 0x0000, 0x0000, 0x0095, 0x0642,
        0x0000, 0x0000, 0x0000, 0x0080, 0x062D, 0x0000, 0x0000, 0x064F,
        0x0000, 0x0000, 0x0000, 0x0000, 0x008D, 0x063A, 0x0000, 0x0000,
        0x0000, 0x0000, 0x0625, 0x0000, 0x0000, 0x009A, 0x0647, 0x0000,
        0x0000, 0x0000, 0x0085, 0x0632, 0x0000, 0x0000, 0x0000, 0x0000,
        0x0000, 0x0000, 0x0000, 0x0092, 0x0000, 0x0000, 0x0000, 0x0000,
        0x0000, 0x062A, 0x0000, 0x0000, 0x009F, 0x064C, 0x0000, 0x0000,
        0x0000, 0x008A, 0x0637, 0x0000, 0x0000, 0x0000, 0x0000, 0x0000,
        0x0622, 0x0000, 0x0097, 0x0644, 0x0000, 0x0000, 0x0000, 0x0000,
        0x0082, 0x062F, 0x0000, 0x00A4, 0x0651, 0x0000, 0x0000, 0x0000,
        0x008F, 0x0000, 0x0000, 0x0000, 0x0000, 0x0000, 0x0000, 0x0627,
        0x0000, 0x009C, 0x0649, 0x0000, 0x0000, 0x0000, 0x0000, 0x0087,
        0x0634, 0x0000, 0x0000, 0x0000, 0x0000, 0x061F, 0x0000, 0x0000,
        0x0094, 0x0641, 0x0000, 0x0000, 0x0000, 0x0000, 0x062C, 0x0000,
        0x0000, 0x064E, 0x0000, 0x0000, 0x0000, 0x0000, 0x008C, 0x0639,
        0x0000, 0x0000, 0x0000, 0x0000, 0x0624, 0x0000, 0x0000, 0x0099,
        0x0646, 0x0000, 0x0000, 0x0000, 0x0084, 0x0631, 0x0000, 0x0000,
        0x0000, 0x0000, 0x0000, 0x0000, 0x0000, 0x0091, 0x0000, 0x0000,
        0x0000, 0x0000, 0x0000, 0x0629, 0x0000, 0x0000, 0x009E, 0x064B,
        0x0000, 0x0000, 0x0000, 0x0089, 0x0636, 0x0000, 0x0000, 0x0000,
        0x0000, 0x0000, 0x0621, 0x0000, 0x0096, 0x0643, 0x0000, 0x060C,
        0x0000, 0x0081, 0x062E, 0x0000, 0x0000, 0x0000, 0x0650, 0x0000,
        0x0000, 0x0000, 0x008E, 0x0000, 0x0000, 0x0000, 0x0000, 0x0000,
        0x0000, 0x0626, 0x0000, 0x009B, 0x0648, 0x0000, 0x0000, 0x0000,
        0x0000, 0x0086, 0x0633, 0x0000, 0x0000, 0x0000, 0x0000, 0x0000,
        0x0000, 0x0093, 0x0640, 0x0000, 0x0000, 0x0000, 0x0000, 0x0000,
        0x062B, 0x0000, 0x00A0, 0x064D, 0x0000, 0x0000, 0x0000, 0x0000,
        0x008B, 0x0638, 0x0000, 0x00AD, 0x0000, 0x0000, 0x0623, 0x0000,
        0x0098, 0x0645, 0x0000, 0x0000, 0x0000, 0x0000, 0x0083, 0x0630,
        0x0000, 0x0000, 0x0652, 0x0000, 0x061B, 0x0000, 0x0000, 0x0090,
    };
    inline constexpr uint8_t iso8859_6_bytes[] = {
        0x00, 0x00, 0x00, 0x00, 0x00, 0xC8, 0x00, 0x00, 0x9D, 0xEA, 0x00, 0x00, 0x00, 0x88, 0xD5, 0x00,
        0x00, 0x00, 0x00, 0x00, 0x00, 0x00, 0x95, 0xE2, 0x00, 0x00, 0x00, 0x80, 0xCD, 0x00, 0x00, 0xEF,
        0x00, 0x00, 0x00, 0x00, 0x8D, 0xDA, 0x00, 0x00, 0x00, 0x00, 0xC5, 0x00, 0x00, 0x9A, 0xE7, 0x00,
        0x00, 0x00, 0x85, 0xD2, 0x00, 0x00, 0x00, 0x00, 0x00, 0x00, 0x00, 0x92, 0x00, 0x00, 0x00, 0x00,
        0x00, 0xCA, 0x00, 0x00, 0x9F, 0xEC, 0x00, 0x00, 0x00, 0x8A, 0xD7, 0x00, 0x00, 0x00, 0x00, 0x00,
        0xC2, 0x00, 0x97, 0xE4, 0x00, 0x00, 0x00, 0x00, 0x82, 0xCF, 0x00, 0xA4, 0xF1, 0x00, 0x00, 0x00,
        0x8F, 0x00, 0x00, 0x00, 0x00, 0x00, 0x00, 0xC7, 0x00, 0x9C, 0xE9, 0x00, 0x00, 0x00, 0x00, 0x87,
        0xD4, 0x00, 0x00, 0x00, 0x00, 0xBF, 0x00, 0x00, 0x94, 0xE1, 0x00, 0x00, 0x00, 0x00, 0xCC, 0x00,
        0x00, 0xEE, 0x00, 0x00, 0x00, 0x00, 0x8C, 0xD9, 0x00, 0x00, 0x00, 0x00, 0xC4, 0x00, 0x00, 0x99,
        0xE6, 0x00, 0x00, 0x00, 0x84, 0xD1, 0x00, 0x00, 0x00, 0x00, 0x00, 0x00, 0x00, 0x91, 0x00, 0x00,
        0x00, 0x00, 0x00, 0xC9, 0x00, 0x00, 0x9E, 0xEB, 0x00, 0x00, 0x00, 0x89, 0xD6, 0x00, 0x00, 0x00,
        0x00, 0x00, 0xC1, 0x00, 0x96, 0xE3, 0x00, 0xAC, 0x00, 0x81, 0xCE, 0x00, 0x00, 0x00, 0xF0, 0x00,
        0x00, 0x00, 0x8E, 0x00, 0x00, 0x00, 0x00, 0x00, 0x00, 0xC6, 0x00, 0x9B, 0xE8, 0x00, 0x00, 0x00,
        0x00, 0x86, 0xD3, 0x00, 0x00, 0x00, 0x00, 0x00, 0x00, 0x93, 0xE0, 0x00, 0x00, 0x00, 0x00, 0x00,
        0xCB, 0x00, 0xA0, 0xED, 0x00, 0x00, 0x00, 0x00, 0x8B, 0xD8, 0x00, 0xAD, 0x00, 0x00, 0xC3, 0x00,
        0x98, 0xE5, 0x00, 0x00, 0x00, 0x00, 0x83, 0xD0, 0x00, 0x00, 0xF2, 0x00, 0xBB, 0x00, 0x00, 0x90,
    };

    // iso-8859-7
    inline constexpr char16_t iso8859_7_to[] = {
        0x0000, 0x0001, 0x0002, 0x0003, 0x0004, 0x0005, 0x0006, 0x0007,
        0x0008, 0x0009, 0x000A, 0x000B, 0x000C, 0x000D, 0x000E, 0x000F,
        0x0010, 0x0011, 0x0012, 0x0013, 0x0014, 0x0015, 0x0016, 0x0017,
        0x0018, 0x0019, 0x001A, 0x001B, 0x001C, 0x001D, 0x001E, 0x001F,
        0x0020, 0x0021, 0x0022, 0x0023, 0x0024, 0x0025, 0x0026, 0x0027,
        0x0028, 0x0029, 0x002A, 0x002B, 0x002C, 0x002D, 0x002E, 0x002F,
        0x0030, 0x0031, 0x0032, 0x0033, 0x0034, 0x0035, 0x0036, 0x0037,
        0x0038, 0x0039, 0x003A, 0x003B, 0x003C, 0x003D, 0x003E, 0x003F,
        0x0040, 0x0041, 0x0042, 0x0043, 0x0044, 0x0045, 0x0046, 0x0047,
        0x0048, 0x0049, 0x004A, 0x004B, 0x004C, 0x004D, 0x004E, 0x004F,
        0x0050, 0x0051, 0x0052, 0x0053, 0x0054, 0x0055, 0x0056, 0x0057,
        0x0058, 0x0059, 0x005A, 0x005B, 0x005C, 0x005D, 0x005E, 0x005F,
        0x0060, 0x0061, 0x0062, 0x0063, 0x0064, 0x0065, 0x0066, 0x0067,
        0x0068, 0x0069, 0x006A, 0x006B, 0x006C, 0x006D, 0x006E, 0x006F,
        0x0070, 0x0071, 0x0072, 0x0073, 0x0074, 0x0075, 0x0076, 0x0077,
        0x0078, 0x0079, 0x007A, 0x007B, 0x007C, 0x007D, 0x007E, 0x007F,
        0x0080, 0x0081, 0x0082, 0x0083, 0x0084, 0x0085, 0x0086, 0x0087,
        0x0088, 0x0089, 0x008A, 0x008B, 0x008C, 0x008D, 0x008E, 0x008F,
        0x0090, 0x0091, 0x0092, 0x0093, 0x0094, 0x0095, 0x0096, 0x0097,
        0x0098, 0x0099, 0x009A, 0x009B, 0x009C, 0x009D, 0x009E, 0x009F,
        0x00A0, 0x2018, 0x2019, 0x00A3, 0x20AC, 0x20AF, 0x00A6, 0x00A7,
        0x00A8, 0x00A9, 0x037A, 0x00AB, 0x00AC, 0x00AD, 0xFFFD, 0x2015,
        0x00B0, 0x00B1, 0x00B2, 0x00B3, 0x0384, 0x0385, 0x0386, 0x00B7,
        0x0388, 0x0389, 0x038A, 0x00BB, 0x038C, 0x00BD, 0x038E, 0x038F,
        0x0390, 0x0391, 0x0392, 0x0393, 0x0394, 0x0395, 0x0396, 0x0397,
        0x0398, 0x0399, 0x039A, 0x039B, 0x039C, 0x039D, 0x039E, 0x039F,
        0x03A0, 0x03A1, 0xFFFD, 0x03A3, 0x03A4, 0x03A5, 0x03A6, 0x03A7,
        0x03A8, 0x03A9, 0x03AA, 0x03AB, 0x03AC, 0x03AD, 0x03AE, 0x03AF,
        0x03B0, 0x03B1, 0x03B2, 0x03B3, 0x03B4, 0x03B5, 0x03B6, 0x03B7,
        0x03B8, 0x03B9, 0x03BA, 0x03BB, 0x03BC, 0x03BD, 0x03BE, 0x03BF,
        0x03C0, 0x03C1, 0x03C2, 0x03C3, 0x03C4, 0x03C5, 0x03C6, 0x03C7,
        0x03C8, 0x03C9, 0x03CA, 0x03CB, 0x03CC, 0x03CD, 0x03CE, 0xFFFD,
    };
    inline constexpr uint16_t iso8859_7_keys[] = {
        0x0000, 0x03A4, 0x00B2, 0x0000, 0x0000, 0x03C6, 0x0000, 0x038F,
        0x009D, 0x0000, 0x03B1, 0x0000, 0x037A, 0x0088, 0x0000, 0x0000,
        0x039C, 0x0000, 0x0000, 0x03BE, 0x0000, 0x0000, 0x0095, 0x20AF,
        0x0000, 0x00B7, 0x03A9, 0x0080, 0x03CB, 0x0000, 0x0394, 0x0000,
        0x0000, 0x03B6, 0x0000, 0x0000, 0x008D, 0x0000, 0x0000, 0x03A1,
        0x0000, 0x0000, 0x03C3, 0x0000, 0x038C, 0x009A, 0x0000, 0x0000,
        0x03AE, 0x0000, 0x0085, 0x0000, 0x0000, 0x0399, 0x00A7, 0x0000,
        0x03BB, 0x0000, 0x0000, 0x0092, 0x0384, 0x20AC, 0x03A6, 0x0000,
        0x0000, 0x03C8, 0x0000, 0x0391, 0x009F, 0x0000, 0x0000, 0x03B3,
        0x0000, 0x008A, 0x0000, 0x0000, 0x039E, 0x00AC, 0x0000, 0x0000,
        0x03C0, 0x0000, 0x0097, 0x0389, 0x0000, 0x03AB, 0x0000, 0x0000,
        0x0082, 0x03CD, 0x0396, 0x0000, 0x0000, 0x0000, 0x03B8, 0x0000,
        0x008F, 0x0000, 0x2019, 0x03A3, 0x00B1, 0x0000, 0x0000, 0x03C5,
        0x0000, 0x009C, 0x038E, 0x0000, 0x03B0, 0x0000, 0x0000, 0x0087,
        0x0000, 0x0000, 0x00A9, 0x039B, 0x0000, 0x03BD, 0x0000, 0x0386,
        0x0094, 0x0000, 0x03A8, 0x0000, 0x0000, 0x0000, 0x03CA, 0x0000,
        0x0393, 0x0000, 0x0000, 0x03B5, 0x0000, 0x0000, 0x008C, 0x0000,
        0x0000, 0x03A0, 0x0000, 0x0000, 0x03C2, 0x0000, 0x0000, 0x0099,
        0x0000, 0x03AD, 0x00BB, 0x0000, 0x0084, 0x0000, 0x0000, 0x00A6,
        0x0398, 0x0000, 0x03BA, 0x0000, 0x0000, 0x0091, 0x0000, 0x0000,
        0x00B3, 0x03A5, 0x0000, 0x03C7, 0x0000, 0x0390, 0x009E, 0x0000,
        0x03B2, 0x0000, 0x0000, 0x0089, 0x0000, 0x0000, 0x039D, 0x00AB,
        0x0000, 0x03BF, 0x0000, 0x0388, 0x0096, 0x0000, 0x0000, 0x03AA,
        0x0000, 0x0081, 0x03CC, 0x0000, 0x0395, 0x00A3, 0x0000, 0x0000,
        0x03B7, 0x0000, 0x008E, 0x0000, 0x2018, 0x0000, 0x00B0, 0x0000,
        0x03C4, 0x0000, 0x0000, 0x009B, 0x0000, 0x0000, 0x00BD, 0x03AF,
        0x0000, 0x0086, 0x0000, 0x039A, 0x00A8, 0x0000, 0x0000, 0x03BC,
        0x0000, 0x0093, 0x0385, 0x0000, 0x03A7, 0x0000, 0x0000, 0x03C9,
        0x0000, 0x0000, 0x00A0, 0x0392, 0x0000, 0x03B4, 0x0000, 0x0000,
        0x008B, 0x2015, 0x039F, 0x00AD, 0x0000, 0x0000, 0x03C1, 0x0000,
        0x0098, 0x038A, 0x0000, 0x03AC, 0x0000, 0x0000, 0x0083, 0x03CE,
        0x0000, 0x0397, 0x0000, 0x0000, 0x03B9, 0x0000, 0x0000, 0x0090,
    };
    inline constexpr uint8_t iso8859_7_bytes[] = {
        0x00, 0xD4, 0xB2, 0x00, 0x00, 0xF6, 0x00, 0xBF, 0x9D, 0x00, 0xE1, 0x00, 0xAA, 0x88, 0x00, 0x00,
        0xCC, 0x00, 0x00, 0xEE, 0x00, 0x00, 0x95, 0xA5, 0x00, 0xB7, 0xD9, 0x80, 0xFB, 0x00, 0xC4, 0x00,
        0x00, 0xE6, 0x00, 0x00, 0x8D, 0x00, 0x00, 0xD1, 0x00, 0x00, 0xF3, 0x00, 0xBC, 0x9A, 0x00, 0x00,
        0xDE, 0x00, 0x85, 0x00, 0x00, 0xC9, 0xA7, 0x00, 0xEB, 0x00, 0x00, 0x92, 0xB4, 0xA4, 0xD6, 0x00,
        0x00, 0xF8, 0x00, 0xC1, 0x9F, 0x00, 0x00, 0xE3, 0x00, 0x8A, 0x00, 0x00, 0xCE, 0xAC, 0x00, 0x00,
        0xF0, 0x00, 0x97, 0xB9, 0x00, 0xDB, 0x00, 0x00, 0x82, 0xFD, 0xC6, 0x00, 0x00, 0x00, 0xE8, 0x00,
        0x8F, 0x00, 0xA2, 0xD3, 0xB1, 0x00, 0x00, 0xF5, 0x00, 0x9C, 0xBE, 0x00, 0xE0, 0x00, 0x00, 0x87,
        0x00, 0x00, 0xA9, 0xCB, 0x00, 0xED, 0x00, 0xB6, 0x94, 0x00, 0xD8, 0x00, 0x00, 0x00, 0xFA, 0x00,
        0xC3, 0x00, 0x00, 0xE5, 0x00, 0x00, 0x8C, 0x00, 0x00, 0xD0, 0x00, 0x00, 0xF2, 0x00, 0x00, 0x99,
        0x00, 0xDD, 0xBB, 0x00, 0x84, 0x00, 0x00, 0xA6, 0xC8, 0x00, 0xEA, 0x00, 0x00, 0x91, 0x00, 0x00,
        0xB3, 0xD5, 0x00, 0xF7, 0x00, 0xC0, 0x9E, 0x00, 0xE2, 0x00, 0x00, 0x89, 0x00, 0x00, 0xCD, 0xAB,
        0x00, 0xEF, 0x00, 0xB8, 0x96, 0x00, 0x00, 0xDA, 0x00, 0x81, 0xFC, 0x00, 0xC5, 0xA3, 0x00, 0x00,
        0xE7, 0x00, 0x8E, 0x00, 0xA1, 0x00, 0xB0, 0x00, 0xF4, 0x00, 0x00, 0x9B, 0x00, 0x00, 0xBD, 0xDF,
        0x00, 0x86, 0x00, 0xCA, 0xA8, 0x00, 0x00, 0xEC, 0x00, 0x93, 0xB5, 0x00, 0xD7, 0x00, 0x00, 0xF9,
        0x00, 0x00, 0xA0, 0xC2, 0x00, 0xE4, 0x00, 0x00, 0x8B, 0xAF, 0xCF, 0xAD, 0x00, 0x00, 0xF1, 0x00,
        0x98, 0xBA, 0x00, 0xDC, 0x00, 0x00, 0x83, 0xFE, 0x00, 0xC7, 0x00, 0x00, 0xE9, 0x00, 0x00, 0x90,
    };

    // iso-8859-8
    inline constexpr char16_t iso8859_8_to[] = {
        0x0000, 0x0001, 0x0002, 0x0003, 0x0004, 0x0005, 0x0006, 0x0007,
        0x0008, 0x0009, 0x000A, 0x000B, 0x000C, 0x000D, 0x000E, 0x000F,
        0x0010, 0x0011, 0x0012, 0x0013, 0x0014, 0x0015, 0x0016, 0x0017,
        0x0018, 0x0019, 0x001A, 0x001B, 0x001C, 0x001D, 0x001E, 0x001F,
        0x0020, 0x0021, 0x0022, 0x0023, 0x0024, 0x0025, 0x0026, 0x0027,
        0x0028, 0x0029, 0x002A, 0x002B, 0x002C, 0x002D, 0x002E, 0x002F,
        0x0030, 0x0031, 0x0032, 0x0033, 0x0034, 0x0035, 0x0036, 0x0037,
        0x0038, 0x0039, 0x003A, 0x003B, 0x003C, 0x003D, 0x003E, 0x003F,
        0x0040, 0x0041, 0x0042, 0x0043, 0x0044, 0x0045, 0x0046, 0x0047,
        0x0048, 0x0049, 0x004A, 0x004B, 0x004C, 0x004D, 0x004E, 0x004F,
        0x0050, 0x0051, 0x0052, 0x0053, 0x0054, 0x0055, 0x0056, 0x0057,
        0x0058, 0x0059, 0x005A, 0x005B, 0x005C, 0x005D, 0x005E, 0x005F,
        0x0060, 0x0061, 0x0062, 0x0063, 0x0064, 0x0065, 0x0066, 0x0067,
        0x0068, 0x0069, 0x006A, 0x006B, 0x006C, 0x006D, 0x006E, 0x006F,
        0x0070, 0x0071, 0x0072, 0x0073, 0x0074, 0x0075, 0x0076, 0x0077,
        0x0078, 0x0079, 0x007A, 0x007B, 0x007C, 0x007D, 0x007E, 0x007F,
        0x0080, 0x0081, 0x0082, 0x0083, 0x0084, 0x0085, 0x0086, 0x0087,
        0x0088, 0x0089, 0x008A, 0x008B, 0x008C, 0x008D, 0x008E, 0x008F,
        0x0090, 0x0091, 0x0092, 0x0093, 0x0094, 0x0095, 0x0096, 0x0097,
        0x0098, 0x0099, 0x009A, 0x009B, 0x009C, 0x009D, 0x009E, 0x009F,
        0x00A0, 0xFFFD, 0x00A2, 0x00A3, 0x00A4, 0x00A5, 0x00A6, 0x00A7,
        0x00A8, 0x00A9, 0x00D7, 0x00AB, 0x00AC, 0x00AD, 0x00AE, 0x00AF,
        0x00B0, 0x00B1, 0x00B2, 0x00B3, 0x00B4, 0x00B5, 0x00B6, 0x00B7,
        0x00B8, 0x00B9, 0x00F7, 0x00BB, 0x00BC, 0x00BD, 0x00BE, 0xFFFD,
        0xFFFD, 0xFFFD, 0xFFFD, 0xFFFD, 0xFFFD, 0xFFFD, 0xFFFD, 0xFFFD,
        0xFFFD, 0xFFFD, 0xFFFD, 0xFFFD, 0xFFFD, 0xFFFD, 0xFFFD, 0xFFFD,
        0xFFFD, 0xFFFD, 0xFFFD, 0xFFFD, 0xFFFD, 0xFFFD, 0xFFFD, 0xFFFD,
        0xFFFD, 0xFFFD, 0xFFFD, 0xFFFD, 0xFFFD, 0xFFFD, 0xFFFD, 0x2017,
        0x05D0, 0x05D1, 0x05D2, 0x05D3, 0x05D4, 0x05D5, 0x05D6, 0x05D7,
        0x05D8, 0x05D9, 0x05DA, 0x05DB, 0x05DC, 0x05DD, 0x05DE, 0x05DF,
        0x05E0, 0x05E1, 0x05E2, 0x05E3, 0x05E4, 0x05E5, 0x05E6, 0x05E7,
        0x05E8, 0x05E9, 0x05EA, 0xFFFD, 0xFFFD, 0x200E, 0x200F, 0xFFFD,
    };
    inline constexpr uint16_t iso8859_8_keys[] = {
        0x0000, 0x0000, 0x00B2, 0x0000, 0x0000, 0x0000, 0x0000, 0x0000,
        0x009D, 0x0000, 0x0000, 0x0000, 0x0000, 0x0088, 0x05DC, 0x0000,
        0x0000, 0x0000, 0x0000, 0x0000, 0x0000, 0x05E9, 0x0095, 0x0000,
        0x0000, 0x00B7, 0x0000, 0x0080, 0x05D4, 0x0000, 0x0000, 0x00A2,
        0x0000, 0x0000, 0x0000, 0x0000, 0x008D, 0x05E1, 0x2017, 0x00AF,
        0x0000, 0x0000, 0x0000, 0x0000, 0x0000, 0x009A, 0x0000, 0x0000,
        0x00BC, 0x0000, 0x0085, 0x05D9, 0x200F, 0x0000, 0x00A7, 0x0000,
        0x0000, 0x0000, 0x0000, 0x0092, 0x05E6, 0x0000, 0x0000, 0x00B4,
        0x05D1, 0x0000, 0x0000, 0x0000, 0x009F, 0x0000, 0x0000, 0x0000,
        0x0000, 0x008A, 0x05DE, 0x0000, 0x0000, 0x00AC, 0x0000, 0x0000,
        0x0000, 0x0000, 0x0097, 0x0000, 0x0000, 0x0000, 0x00B9, 0x05D6,
        0x0082, 0x0000, 0x0000, 0x00A4, 0x0000, 0x0000, 0x0000, 0x0000,
        0x008F, 0x05E3, 0x0000, 0x0000, 0x00B1, 0x0000, 0x0000, 0x0000,
        0x0000, 0x009C, 0x0000, 0x0000, 0x0000, 0x00BE, 0x05DB, 0x0087,
        0x0000, 0x0000, 0x00A9, 0x0000, 0x0000, 0x0000, 0x0000, 0x05E8,
        0x0094, 0x0000, 0x0000, 0x00B6, 0x0000, 0x05D3, 0x0000, 0x0000,
        0x0000, 0x0000, 0x0000, 0x0000, 0x0000, 0x05E0, 0x008C, 0x0000,
        0x0000, 0x00AE, 0x0000, 0x0000, 0x0000, 0x0000, 0x0000, 0x0099,
        0x0000, 0x0000, 0x00BB, 0x0000, 0x0084, 0x05D8, 0x200E, 0x00A6,
        0x0000, 0x0000, 0x0000, 0x0000, 0x0000, 0x0091, 0x05E5, 0x0000,
        0x00B3, 0x0000, 0x05D0, 0x0000, 0x0000, 0x0000, 0x009E, 0x00F7,
        0x0000, 0x0000, 0x0000, 0x0089, 0x05DD, 0x0000, 0x0000, 0x00AB,
        0x0000, 0x0000, 0x0000, 0x0000, 0x0096, 0x05EA, 0x0000, 0x00B8,
        0x0000, 0x0081, 0x05D5, 0x0000, 0x0000, 0x00A3, 0x0000, 0x0000,
        0x0000, 0x0000, 0x008E, 0x05E2, 0x0000, 0x0000, 0x00B0, 0x0000,
        0x0000, 0x0000, 0x0000, 0x009B, 0x0000, 0x0000, 0x00BD, 0x0000,
        0x05DA, 0x0086, 0x0000, 0x0000, 0x00A8, 0x0000, 0x0000, 0x0000,
        0x0000, 0x0093, 0x05E7, 0x0000, 0x0000, 0x00B5, 0x05D2, 0x0000,
        0x00D7, 0x0000, 0x00A0, 0x0000, 0x0000, 0x0000, 0x0000, 0x05DF,
        0x008B, 0x0000, 0x0000, 0x00AD, 0x0000, 0x0000, 0x0000, 0x0000,
        0x0098, 0x0000, 0x0000, 0x0000, 0x0000, 0x05D7, 0x0083, 0x0000,
        0x0000, 0x00A5, 0x0000, 0x0000, 0x0000, 0x0000, 0x05E4, 0x0090,
    };
    inline constexpr uint8_t iso8859_8_bytes[] = {
        0x00, 0x00, 0xB2, 0x00, 0x00, 0x00, 0x00, 0x00, 0x9D, 0x00, 0x00, 0x00, 0x00, 0x88, 0xEC, 0x00,
        0x00, 0x00, 0x00, 0x00, 0x00, 0xF9, 0x95, 0x00, 0x00, 0xB7, 0x00, 0x80, 0xE4, 0x00, 0x00, 0xA2,
        0x00, 0x00, 0x00, 0x00, 0x8D, 0xF1, 0xDF, 0xAF, 0x00, 0x00, 0x00, 0x00, 0x00, 0x9A, 0x00, 0x00,
        0xBC, 0x00, 0x85, 0xE9, 0xFE, 0x00, 0xA7, 0x00, 0x00, 0x00, 0x00, 0x92, 0xF6, 0x00, 0x00, 0xB4,
        0xE1, 0x00, 0x00, 0x00, 0x9F, 0x00, 0x00, 0x00, 0x00, 0x8A, 0xEE, 0x00, 0x00, 0xAC, 0x00, 0x00,
        0x00, 0x00, 0x97, 0x00, 0x00, 0x00, 0xB9, 0xE6, 0x82, 0x00, 0x00, 0xA4, 0x00, 0x00, 0x00, 0x00,
        0x8F, 0xF3, 0x00, 0x00, 0xB1, 0x00, 0x00, 0x00, 0x00, 0x9C, 0x00, 0x00, 0x00, 0xBE, 0xEB, 0x87,
        0x00, 0x00, 0xA9, 0x00, 0x00, 0x00, 0x00, 0xF8, 0x94, 0x00, 0x00, 0xB6, 0x00, 0xE3, 0x00, 0x00,
        0x00, 0x00, 0x00, 0x00, 0x00, 0xF0, 0x8C, 0x00, 0x00, 0xAE, 0x00, 0x00, 0x00, 0x00, 0x00, 0x99,
        0x00, 0x00, 0xBB, 0x00, 0x84, 0xE8, 0xFD, 0xA6, 0x00, 0x00, 0x00, 0x00, 0x00, 0x91, 0xF5, 0x00,
        0xB3, 0x00, 0xE0, 0x00, 0x00, 0x00, 0x9E, 0xBA, 0x00, 0x00, 0x00, 0x89, 0xED, 0x00, 0x00, 0xAB,
        0x00, 0x00, 0x00, 0x00, 0x96, 0xFA, 0x00, 0xB8, 0x00, 0x81, 0xE5, 0x00, 0x00, 0xA3, 0x00, 0x00,
        0x00, 0x00, 0x8E, 0xF2, 0x00, 0x00, 0xB0, 0x00, 0x00, 0x00, 0x00, 0x9B, 0x00, 0x00, 0xBD, 0x00,
        0xEA, 0x86, 0x00, 0x00, 0xA8, 0x00, 0x00, 0x00, 0x00, 0x93, 0xF7, 0x00, 0x00, 0xB5, 0xE2, 0x00,
        0xAA, 0x00, 0xA0, 0x00, 0x00, 0x00, 0x00, 0xEF, 0x8B, 0x00, 0x00, 0xAD, 0x00, 0x00, 0x00, 0x00,
        0x98, 0x00, 0x00, 0x00, 0x00, 0xE7, 0x83, 0x00, 0x00, 0xA5, 0x00, 0x00, 0x00, 0x00, 0xF4, 0x90,
    };

    // iso-8859-10
    inline constexpr char16_t iso8859_10_to[] = {
        0x0000, 0x0001, 0x0002, 0x0003, 0x0004, 0x0005, 0x0006, 0x0007,
        0x0008, 0x0009, 0x000A, 0x000B, 0x000C, 0x000D, 0x000E, 0x000F,
        0x0010, 0x0011, 0x0012, 0x0013, 0x0014, 0x0015, 0x0016, 0x0017,
        0x0018, 0x0019, 0x001A, 0x001B, 0x001C, 0x001D, 0x001E, 0x001F,
        0x0020, 0x0021, 0x0022, 0x0023, 0x0024, 0x0025, 0x0026, 0x0027,
        0x0028, 0x0029, 0x002A, 0x002B, 0x002C, 0x002D, 0x002E, 0x002F,
        0x0030, 0x0031, 0x0032, 0x0033, 0x0034, 0x0035, 0x0036, 0x0037,
        0x0038, 0x0039, 0x003A, 0x003B, 0x003C, 0x003D, 0x003E, 0x003F,
        0x0040, 0x0041, 0x0042, 0x0043, 0x0044, 0x0045, 0x0046, 0x0047,
        0x0048, 0x0049, 0x004A, 0x004B, 0x004C, 0x004D, 0x004E, 0x004F,
        0x0050, 0x0051, 0x0052, 0x0053, 0x0054, 0x0055, 0x0056, 0x0057,
        0x0058, 0x0059, 0x005A, 0x005B, 0x005C, 0x005D, 0x005E, 0x005F,
        0x0060, 0x0061, 0x0062, 0x0063, 0x0064, 0x0065, 0x0066, 0x0067,
        0x0068, 0x0069, 0x006A, 0x006B, 0x006C, 0x006D, 0x006E, 0x006F,
        0x0070, 0x0071, 0x0072, 0x0073, 0x0074, 0x0075, 0x0076, 0x0077,
        0x0078, 0x0079, 0x007A, 0x007B, 0x007C, 0x007D, 0x007E, 0x007F,
        0x0080, 0x0081, 0x0082, 0x0083, 0x0084, 0x0085, 0x0086, 0x0087,
        0x0088, 0x0089, 0x008A, 0x008B, 0x008C, 0x008D, 0x008E, 0x008F,
        0x0090, 0x0091, 0x0092, 0x0093, 0x0094, 0x0095, 0x0096, 0x0097,
        0x0098, 0x0099, 0x009A, 0x009B, 0x009C, 0x009D, 0x009E, 0x009F,
        0x00A0, 0x0104, 0x0112, 0x0122, 0x012A, 0x0128, 0x0136, 0x00A7,
        0x013B, 0x0110, 0x0160, 0x0166, 0x017D, 0x00AD, 0x016A, 0x014A,
        0x00B0, 0x0105, 0x0113, 0x0123, 0x012B, 0x0129, 0x0137, 0x00B7,
        0x013C, 0x0111, 0x0161, 0x0167, 0x017E, 0x2015, 0x016B, 0x014B,
        0x0100, 0x00C1, 0x00C2, 0x00C3, 0x00C4, 0x00C5, 0x00C6, 0x012E,
        0x010C, 0x00C9, 0x0118, 0x00CB, 0x0116, 0x00CD, 0x00CE, 0x00CF,
        0x00D0, 0x0145, 0x014C, 0x00D3, 0x00D4, 0x00D5, 0x00D6, 0x0168,
        0x00D8, 0x0172, 0x00DA, 0x00DB, 0x00DC, 0x00DD, 0x00DE, 0x00DF,
        0x0101, 0x00E1, 0x00E2, 0x00E3, 0x00E4, 0x00E5, 0x00E6, 0x012F,
        0x010D, 0x00E9, 0x0119, 0x00EB, 0x0117, 0x00ED, 0x00EE, 0x00EF,
        0x00F0, 0x0146, 0x014D, 0x00F3, 0x00F4, 0x00F5, 0x00F6, 0x0169,
        0x00F8, 0x0173, 0x00FA, 0x00FB, 0x00FC, 0x00FD, 0x00FE, 0x0138,
    };
    inline constexpr uint16_t iso8859_10_keys[] = {
        0x00E9, 0x0000, 0x0000, 0x0000, 0x0000, 0x00D4, 0x0000, 0x0000,
        0x009D, 0x00F6, 0x0000, 0x0000, 0x0118, 0x0088, 0x00E1, 0x0000,
        0x0000, 0x0000, 0x0000, 0x0000, 0x0000, 0x0000, 0x0095, 0x00EE,
        0x017E, 0x00B7, 0x0110, 0x0080, 0x0169, 0x0000, 0x0000, 0x0000,
        0x00FB, 0x0000, 0x00C4, 0x0000, 0x008D, 0x00E6, 0x0000, 0x0000,
        0x0000, 0x0000, 0x0161, 0x0000, 0x012A, 0x009A, 0x00F3, 0x014C,
        0x0000, 0x0000, 0x0085, 0x0000, 0x00DE, 0x0137, 0x00A7, 0x0100,
        0x0000, 0x00C9, 0x0122, 0x0092, 0x00EB, 0x0000, 0x0000, 0x0000,
        0x010D, 0x0166, 0x00D6, 0x012F, 0x009F, 0x00F8, 0x0000, 0x00C1,
        0x0000, 0x008A, 0x0173, 0x00E3, 0x013C, 0x0000, 0x0105, 0x0000,
        0x00CE, 0x0000, 0x0097, 0x0000, 0x00F0, 0x0000, 0x0000, 0x0112,
        0x0082, 0x00DB, 0x016B, 0x0000, 0x00FD, 0x0000, 0x00C6, 0x0000,
        0x008F, 0x0000, 0x0000, 0x0000, 0x0000, 0x0000, 0x0000, 0x00D3,
        0x0000, 0x009C, 0x0000, 0x00F5, 0x0000, 0x0000, 0x0117, 0x0087,
        0x0000, 0x0000, 0x0000, 0x0000, 0x0000, 0x00CB, 0x0000, 0x0000,
        0x0094, 0x00ED, 0x0146, 0x017D, 0x0000, 0x0000, 0x00D8, 0x0168,
        0x0000, 0x0000, 0x00FA, 0x0000, 0x00C3, 0x0000, 0x008C, 0x00E5,
        0x0000, 0x0000, 0x0000, 0x0000, 0x0160, 0x00D0, 0x0129, 0x0099,
        0x0000, 0x014B, 0x0000, 0x0000, 0x0084, 0x00DD, 0x0000, 0x0136,
        0x0000, 0x0000, 0x0000, 0x0000, 0x0000, 0x0091, 0x0000, 0x0000,
        0x0000, 0x0000, 0x010C, 0x0000, 0x00D5, 0x012E, 0x009E, 0x0000,
        0x0000, 0x0000, 0x0119, 0x0089, 0x00E2, 0x0172, 0x013B, 0x0000,
        0x0104, 0x0000, 0x00CD, 0x0000, 0x0096, 0x00EF, 0x0000, 0x0000,
        0x0000, 0x0081, 0x0111, 0x00DA, 0x016A, 0x0000, 0x00FC, 0x0000,
        0x00C5, 0x0000, 0x008E, 0x0000, 0x0000, 0x0000, 0x00B0, 0x0000,
        0x0000, 0x0000, 0x012B, 0x009B, 0x00F4, 0x0000, 0x014D, 0x0000,
        0x0116, 0x0086, 0x00DF, 0x0138, 0x0000, 0x0101, 0x0000, 0x0000,
        0x0000, 0x0093, 0x0123, 0x0000, 0x0145, 0x0000, 0x0000, 0x0167,
        0x0000, 0x0000, 0x00A0, 0x0000, 0x0000, 0x0000, 0x00C2, 0x0000,
        0x008B, 0x00E4, 0x2015, 0x00AD, 0x0000, 0x0000, 0x00CF, 0x0000,
        0x0098, 0x0128, 0x0000, 0x014A, 0x0000, 0x0113, 0x0083, 0x00DC,
        0x0000, 0x0000, 0x0000, 0x00FE, 0x0000, 0x0000, 0x0000, 0x0090,
    };
    inline constexpr uint8_t iso8859_10_bytes[] = {
        0xE9, 0x00, 0x00, 0x00, 0x00, 0xD4, 0x00, 0x00, 0x9D, 0xF6, 0x00, 0x00, 0xCA, 0x88, 0xE1, 0x00,
        0x00, 0x00, 0x00, 0x00, 0x00, 0x00, 0x95, 0xEE, 0xBC, 0xB7, 0xA9, 0x80, 0xF7, 0x00, 0x00, 0x00,
        0xFB, 0x00, 0xC4, 0x00, 0x8D, 0xE6, 0x00, 0x00, 0x00, 0x00, 0xBA, 0x00, 0xA4, 0x9A, 0xF3, 0xD2,
        0x00, 0x00, 0x85, 0x00, 0xDE, 0xB6, 0xA7, 0xC0, 0x00, 0xC9, 0xA3, 0x92, 0xEB, 0x00, 0x00, 0x00,
        0xE8, 0xAB, 0xD6, 0xE7, 0x9F, 0xF8, 0x00, 0xC1, 0x00, 0x8A, 0xF9, 0xE3, 0xB8, 0x00, 0xB1, 0x00,
        0xCE, 0x00, 0x97, 0x00, 0xF0, 0x00, 0x00, 0xA2, 0x82, 0xDB, 0xBE, 0x00, 0xFD, 0x00, 0xC6, 0x00,
        0x8F, 0x00, 0x00, 0x00, 0x00, 0x00, 0x00, 0xD3, 0x00, 0x9C, 0x00, 0xF5, 0x00, 0x00, 0xEC, 0x87,
        0x00, 0x00, 0x00, 0x00, 0x00, 0xCB, 0x00, 0x00, 0x94, 0xED, 0xF1, 0xAC, 0x00, 0x00, 0xD8, 0xD7,
        0x00, 0x00, 0xFA, 0x00, 0xC3, 0x00, 0x8C, 0xE5, 0x00, 0x00, 0x00, 0x00, 0xAA, 0xD0, 0xB5, 0x99,
        0x00, 0xBF, 0x00, 0x00, 0x84, 0xDD, 0x00, 0xA6, 0x00, 0x00, 0x00, 0x00, 0x00, 0x91, 0x00, 0x00,
        0x00, 0x00, 0xC8, 0x00, 0xD5, 0xC7, 0x9E, 0x00, 0x00, 0x00, 0xEA, 0x89, 0xE2, 0xD9, 0xA8, 0x00,
        0xA1, 0x00, 0xCD, 0x00, 0x96, 0xEF, 0x00, 0x00, 0x00, 0x81, 0xB9, 0xDA, 0xAE, 0x00, 0xFC, 0x00,
        0xC5, 0x00, 0x8E, 0x00, 0x00, 0x00, 0xB0, 0x00, 0x00, 0x00, 0xB4, 0x9B, 0xF4, 0x00, 0xF2, 0x00,
        0xCC, 0x86, 0xDF, 0xFF, 0x00, 0xE0, 0x00, 0x00, 0x00, 0x93, 0xB3, 0x00, 0xD1, 0x00, 0x00, 0xBB,
        0x00, 0x00, 0xA0, 0x00, 0x00, 0x00, 0xC2, 0x00, 0x8B, 0xE4, 0xBD, 0xAD, 0x00, 0x00, 0xCF, 0x00,
        0x98, 0xA5, 0x00, 0xAF, 0x00, 0xB2, 0x83, 0xDC, 0x00, 0x00, 0x00, 0xFE, 0x00, 0x00, 0x00, 0x90,
    };

    // iso-8859-13
    inline constexpr char16_t iso8859_13_to[] = {
        0x0000, 0x0001, 0x0002, 0x0003, 0x0004, 0x0005, 0x0006, 0x0007,
        0x0008, 0x0009, 0x000A, 0x000B, 0x000C, 0x000D, 0x000E, 0x000F,
        0x0010, 0x0011, 0x0012, 0x0013, 0x0014, 0x0015, 0x0016, 0x0017,
        0x0018, 0x0019, 0x001A, 0x001B, 0x001C, 0x001D, 0x001E, 0x001F,
        0x0020, 0x0021, 0x0022, 0x0023, 0x0024, 0x0025, 0x0026, 0x0027,
        0x0028, 0x0029, 0x002A, 0x002B, 0x002C, 0x002D, 0x002E, 0x002F,
        0x0030, 0x0031, 0x0032, 0x0033, 0x0034, 0x0035, 0x0036, 0x0037,
        0x0038, 0x0039, 0x003A, 0x003B, 0x003C, 0x003D, 0x003E, 0x003F,
        0x0040, 0x0041, 0x0042, 0x0043, 0x0044, 0x0045, 0x0046, 0x0047,
        0x0048, 0x0049, 0x004A, 0x004B, 0x004C, 0x004D, 0x004E, 0x004F,
        0x0050, 0x0051, 0x0052, 0x0053, 0x0054, 0x0055, 0x0056, 0x0057,
        0x0058, 0x0059, 0x005A, 0x005B, 0x005C, 0x005D, 0x005E, 0x005F,
        0x0060, 0x0061, 0x0062, 0x0063, 0x0064, 0x0065, 0x0066, 0x0067,
        0x0068, 0x0069, 0x006A, 0x006B, 0x006C, 0x006D, 0x006E, 0x006F,
        0x0070, 0x0071, 0x0072, 0x0073, 0x0074, 0x0075, 0x0076, 0x0077,
        0x0078, 0x0079, 0x007A, 0x007B, 0x007C, 0x007D, 0x007E, 0x007F,
        0x0080, 0x0081, 0x0082, 0x0083, 0x0084, 0x0085, 0x0086, 0x0087,
        0x0088, 0x0089, 0x008A, 0x008B, 0x008C, 0x008D, 0x008E, 0x008F,
        0x0090, 0x0091, 0x0092, 0x0093, 0x0094, 0x0095, 0x0096, 0x0097,
        0x0098, 0x0099, 0x009A, 0x009B, 0x009C, 0x009D, 0x009E, 0x009F,
        0x00A0, 0x201D, 0x00A2, 0x00A3, 0x00A4, 0x201E, 0x00A6, 0x00A7,
        0x00D8, 0x00A9, 0x0156, 0x00AB, 0x00AC, 0x00AD, 0x00AE, 0x00C6,
        0x00B0, 0x00B1, 0x00B2, 0x00B3, 0x201C, 0x00B5, 0x00B6, 0x00B7,
        0x00F8, 0x00B9, 0x0157, 0x00BB, 0x00BC, 0x00BD, 0x00BE, 0x00E6,
        0x0104, 0x012E, 0x0100, 0x0106, 0x00C4, 0x00C5, 0x0118, 0x0112,
        0x010C, 0x00C9, 0x0179, 0x0116, 0x0122, 0x0136, 0x012A, 0x013B,
        0x0160, 0x0143, 0x0145, 0x00D3, 0x014C, 0x00D5, 0x00D6, 0x00D7,
        0x0172, 0x0141, 0x015A, 0x016A, 0x00DC, 0x017B, 0x017D, 0x00DF,
        0x0105, 0x012F, 0x0101, 0x0107, 0x00E4, 0x00E5, 0x0119, 0x0113,
        0x010D, 0x00E9, 0x017A, 0x0117, 0x0123, 0x0137, 0x012B, 0x013C,
        0x0161, 0x0144, 0x0146, 0x00F3, 0x014D, 0x00F5, 0x00F6, 0x00F7,
        0x0173, 0x0142, 0x015B, 0x016B, 0x00FC, 0x017C, 0x017E, 0x2019,
    };
    inline constexpr uint16_t iso8859_13_keys[] = {
        0x00E9, 0x0142, 0x00B2, 0x0179, 0x0000, 0x0000, 0x0000, 0x0000,
        0x009D, 0x00F6, 0x0000, 0x0000, 0x0118, 0x0088, 0x0000, 0x0000,
        0x0000, 0x0000, 0x0000, 0x0000, 0x0000, 0x0000, 0x0095, 0x017E,
        0x0000, 0x00B7, 0x0000, 0x0080, 0x0000, 0x0000, 0x0000, 0x00A2,
        0x0000, 0x0000, 0x00C4, 0x0000, 0x008D, 0x00E6, 0x0000, 0x0000,
        0x0000, 0x0000, 0x0161, 0x0000, 0x012A, 0x009A, 0x00F3, 0x014C,
        0x00BC, 0x0000, 0x0085, 0x0000, 0x0000, 0x0137, 0x00A7, 0x0100,
        0x0000, 0x00C9, 0x0122, 0x0092, 0x017B, 0x201C, 0x0144, 0x0000,
        0x010D, 0x0000, 0x00D6, 0x012F, 0x009F, 0x00F8, 0x0000, 0x0000,
        0x0000, 0x008A, 0x0173, 0x0000, 0x013C, 0x00AC, 0x0105, 0x0000,
        0x0000, 0x0000, 0x0097, 0x0000, 0x0000, 0x0000, 0x00B9, 0x0112,
        0x0082, 0x016B, 0x0000, 0x00A4, 0x0000, 0x0000, 0x00C6, 0x0156,
        0x008F, 0x0000, 0x2019, 0x0141, 0x00B1, 0x0000, 0x0000, 0x00D3,
        0x0000, 0x009C, 0x0000, 0x00F5, 0x0000, 0x00BE, 0x0117, 0x0087,
        0x0000, 0x0000, 0x00A9, 0x0000, 0x0000, 0x015B, 0x0000, 0x0000,
        0x0094, 0x017D, 0x0146, 0x00B6, 0x201E, 0x0000, 0x00D8, 0x0000,
        0x0000, 0x0000, 0x0000, 0x0000, 0x0000, 0x0000, 0x008C, 0x00E5,
        0x0000, 0x00AE, 0x0107, 0x0000, 0x0160, 0x0000, 0x0000, 0x0099,
        0x0000, 0x0000, 0x00BB, 0x0000, 0x0084, 0x0000, 0x0000, 0x00A6,
        0x0136, 0x0000, 0x0000, 0x0000, 0x0000, 0x0091, 0x017A, 0x0143,
        0x00B3, 0x0000, 0x010C, 0x0000, 0x00D5, 0x012E, 0x009E, 0x00F7,
        0x0000, 0x0000, 0x0119, 0x0089, 0x0172, 0x0000, 0x013B, 0x00AB,
        0x0104, 0x0000, 0x0000, 0x0000, 0x0096, 0x0000, 0x0000, 0x0000,
        0x0000, 0x0081, 0x016A, 0x0000, 0x0000, 0x00A3, 0x00FC, 0x0000,
        0x00C5, 0x0000, 0x008E, 0x0000, 0x0000, 0x0000, 0x00B0, 0x0000,
        0x0000, 0x0000, 0x012B, 0x009B, 0x0000, 0x0000, 0x00BD, 0x014D,
        0x0116, 0x0086, 0x00DF, 0x0000, 0x0000, 0x0101, 0x015A, 0x0000,
        0x0000, 0x0093, 0x0123, 0x017C, 0x0145, 0x00B5, 0x201D, 0x0000,
        0x00D7, 0x0000, 0x00A0, 0x0000, 0x0000, 0x0000, 0x0000, 0x0000,
        0x008B, 0x00E4, 0x0000, 0x00AD, 0x0106, 0x0000, 0x0000, 0x0000,
        0x0098, 0x0000, 0x0000, 0x0000, 0x0000, 0x0113, 0x0083, 0x00DC,
        0x0000, 0x0000, 0x0000, 0x0000, 0x0157, 0x0000, 0x0000, 0x0090,
    };
    inline constexpr uint8_t iso8859_13_bytes[] = {
        0xE9, 0xF9, 0xB2, 0xCA, 0x00, 0x00, 0x00, 0x00, 0x9D, 0xF6, 0x00, 0x00, 0xC6, 0x88, 0x00, 0x00,
        0x00, 0x00, 0x00, 0x00, 0x00, 0x00, 0x95, 0xFE, 0x00, 0xB7, 0x00, 0x80, 0x00, 0x00, 0x00, 0xA2,
        0x00, 0x00, 0xC4, 0x00, 0x8D, 0xBF, 0x00, 0x00, 0x00, 0x00, 0xF0, 0x00, 0xCE, 0x9A, 0xF3, 0xD4,
        0xBC, 0x00, 0x85, 0x00, 0x00, 0xED, 0xA7, 0xC2, 0x00, 0xC9, 0xCC, 0x92, 0xDD, 0xB4, 0xF1, 0x00,
        0xE8, 0x00, 0xD6, 0xE1, 0x9F, 0xB8, 0x00, 0x00, 0x00, 0x8A, 0xF8, 0x00, 0xEF, 0xAC, 0xE0, 0x00,
        0x00, 0x00, 0x97, 0x00, 0x00, 0x00, 0xB9, 0xC7, 0x82, 0xFB, 0x00, 0xA4, 0x00, 0x00, 0xAF, 0xAA,
        0x8F, 0x00, 0xFF, 0xD9, 0xB1, 0x00, 0x00, 0xD3, 0x00, 0x9C, 0x00, 0xF5, 0x00, 0xBE, 0xEB, 0x87,
        0x00, 0x00, 0xA9, 0x00, 0x00, 0xFA, 0x00, 0x00, 0x94, 0xDE, 0xF2, 0xB6, 0xA5, 0x00, 0xA8, 0x00,
        0x00, 0x00, 0x00, 0x00, 0x00, 0x00, 0x8C, 0xE5, 0x00, 0xAE, 0xE3, 0x00, 0xD0, 0x00, 0x00, 0x99,
        0x00, 0x00, 0xBB, 0x00, 0x84, 0x00, 0x00, 0xA6, 0xCD, 0x00, 0x00, 0x00, 0x00, 0x91, 0xEA, 0xD1,
        0xB3, 0x00, 0xC8, 0x00, 0xD5, 0xC1, 0x9E, 0xF7, 0x00, 0x00, 0xE6, 0x89, 0xD8, 0x00, 0xCF, 0xAB,
        0xC0, 0x00, 0x00, 0x00, 0x96, 0x00, 0x00, 0x00, 0x00, 0x81, 0xDB, 0x00, 0x00, 0xA3, 0xFC, 0x00,
        0xC5, 0x00, 0x8E, 0x00, 0x00, 0x00, 0xB0, 0x00, 0x00, 0x00, 0xEE, 0x9B, 0x00, 0x00, 0xBD, 0xF4,
        0xCB, 0x86, 0xDF, 0x00, 0x00, 0xE2, 0xDA, 0x00, 0x00, 0x93, 0xEC, 0xFD, 0xD2, 0xB5, 0xA1, 0x00,
        0xD7, 0x00, 0xA0, 0x00, 0x00, 0x00, 0x00, 0x00, 0x8B, 0xE4, 0x00, 0xAD, 0xC3, 0x00, 0x00, 0x00,
        0x98, 0x00, 0x00, 0x00, 0x00, 0xE7, 0x83, 0xDC, 0x00, 0x00, 0x00, 0x00, 0xBA, 0x00, 0x00, 0x90,
    };

    // iso-8859-14
    inline constexpr char16_t iso8859_14_to[] = {
        0x0000, 0x0001, 0x0002, 0x0003, 0x0004, 0x0005, 0x0006, 0x0007,
        0x0008, 0x0009, 0x000A, 0x000B, 0x000C, 0x000D, 0x000E, 0x000F,
        0x0010, 0x0011, 0x0012, 0x0013, 0x0014, 0x0015, 0x0016, 0x0017,
        0x0018, 0x0019, 0x001A, 0x001B, 0x001C, 0x001D, 0x001E, 0x001F,
        0x0020, 0x0021, 0x0022, 0x0023, 0x0024, 0x0025, 0x0026, 0x0027,
        0x0028, 0x0029, 0x002A, 0x002B, 0x002C, 0x002D, 0x002E, 0x002F,
        0x0030, 0x0031, 0x0032, 0x0033, 0x0034, 0x0035, 0x0036, 0x0037,
        0x0038, 0x0039, 0x003A, 0x003B, 0x003C, 0x003D, 0x003E, 0x003F,
        0x0040, 0x0041, 0x0042, 0x0043, 0x0044, 0x0045, 0x0046, 0x0047,
        0x0048, 0x0049, 0x004A, 0x004B, 0x004C, 0x004D, 0x004E, 0x004F,
        0x0050, 0x0051, 0x0052, 0x0053, 0x0054, 0x0055, 0x0056, 0x0057,
        0x0058, 0x0059, 0x005A, 0x005B, 0x005C, 0x005D, 0x005E, 0x005F,
        0x0060, 0x0061, 0x0062, 0x0063, 0x0064, 0x0065, 0x0066, 0x0067,
        0x0068, 0x0069, 0x006A, 0x006B, 0x006C, 0x006D, 0x006E, 0x006F,
        0x0070, 0x0071, 0x0072, 0x0073, 0x0074, 0x0075, 0x0076, 0x0077,
        0x0078, 0x0079, 0x007A, 0x007B, 0x007C, 0x007D, 0x007E, 0x007F,
        0x0080, 0x0081, 0x0082, 0x0083, 0x0084, 0x0085, 0x0086, 0x0087,
        0x0088, 0x0089, 0x008A, 0x008B, 0x008C, 0x008D, 0x008E, 0x008F,
        0x0090, 0x0091, 0x0092, 0x0093, 0x0094, 0x0095, 0x0096, 0x0097,
        0x0098, 0x0099, 0x009A, 0x009B, 0x009C, 0x009D, 0x009E, 0x009F,
        0x00A0, 0x1E02, 0x1E03, 0x00A3, 0x010A, 0x010B, 0x1E0A, 0x00A7,
        0x1E80, 0x00A9, 0x1E82, 0x1E0B, 0x1EF2, 0x00AD, 0x00AE, 0x0178,
        0x1E1E, 0x1E1F, 0x0120, 0x0121, 0x1E40, 0x1E41, 0x00B6, 0x1E56,
        0x1E81, 0x1E57, 0x1E83, 0x1E60, 0x1EF3, 0x1E84, 0x1E85, 0x1E61,
        0x00C0, 0x00C1, 0x00C2, 0x00C3, 0x00C4, 0x00C5, 0x00C6, 0x00C7,
        0x00C8, 0x00C9, 0x00CA, 0x00CB, 0x00CC, 0x00CD, 0x00CE, 0x00CF,
        0x0174, 0x00D1, 0x00D2, 0x00D3, 0x00D4, 0x00D5, 0x00D6, 0x1E6A,
        0x00D8, 0x00D9, 0x00DA, 0x00DB, 0x00DC, 0x00DD, 0x0176, 0x00DF,
        0x00E0, 0x00E1, 0x00E2, 0x00E3, 0x00E4, 0x00E5, 0x00E6, 0x00E7,
        0x00E8, 0x00E9, 0x00EA, 0x00EB, 0x00EC, 0x00ED, 0x00EE, 0x00EF,
        0x0175, 0x00F1, 0x00F2, 0x00F3, 0x00F4, 0x00F5, 0x00F6, 0x1E6B,
        0x00F8, 0x00F9, 0x00FA, 0x00FB, 0x00FC, 0x00FD, 0x0177, 0x00FF,
    };
    inline constexpr uint16_t iso8859_14_keys[] = {
        0x00E9, 0x0000, 0x0000, 0x010B, 0x1E6A, 0x00D4, 0x0000, 0x0000,
        0x009D, 0x00F6, 0x1E1E, 0x0000, 0x0000, 0x0088, 0x00E1, 0x1E40,
        0x1EF2, 0x0000, 0x0000, 0x0000, 0x00CC, 0x1E84, 0x0095, 0x00EE,
        0x0000, 0x0000, 0x0000, 0x0080, 0x0000, 0x00D9, 0x0000, 0x0000,
        0x00FB, 0x0000, 0x00C4, 0x0000, 0x008D, 0x00E6, 0x0176, 0x0000,
        0x0000, 0x0000, 0x0000, 0x00D1, 0x0000, 0x009A, 0x00F3, 0x0000,
        0x0000, 0x0000, 0x0085, 0x0000, 0x0000, 0x0000, 0x00A7, 0x0000,
        0x0000, 0x00C9, 0x1E81, 0x0092, 0x00EB, 0x0000, 0x0000, 0x0000,
        0x0000, 0x0000, 0x00D6, 0x0000, 0x009F, 0x00F8, 0x1E57, 0x00C1,
        0x0000, 0x008A, 0x0000, 0x00E3, 0x1E0B, 0x0000, 0x0000, 0x0000,
        0x00CE, 0x0000, 0x0097, 0x0000, 0x0000, 0x0000, 0x0000, 0x0000,
        0x0082, 0x00DB, 0x1E03, 0x0000, 0x00FD, 0x0000, 0x00C6, 0x0000,
        0x008F, 0x0178, 0x00E8, 0x0000, 0x0000, 0x010A, 0x0000, 0x00D3,
        0x0000, 0x009C, 0x0000, 0x00F5, 0x0000, 0x0000, 0x0000, 0x0087,
        0x00E0, 0x0000, 0x00A9, 0x1E61, 0x0000, 0x00CB, 0x1E83, 0x0000,
        0x0094, 0x00ED, 0x0000, 0x00B6, 0x0000, 0x0000, 0x00D8, 0x0000,
        0x0000, 0x0000, 0x00FA, 0x0000, 0x00C3, 0x0000, 0x008C, 0x00E5,
        0x0175, 0x00AE, 0x0000, 0x0000, 0x0000, 0x0000, 0x0000, 0x0099,
        0x00F2, 0x0000, 0x0000, 0x0000, 0x0084, 0x00DD, 0x0000, 0x0000,
        0x0000, 0x00FF, 0x0000, 0x00C8, 0x0121, 0x0091, 0x00EA, 0x1E80,
        0x0000, 0x1E6B, 0x0000, 0x0000, 0x00D5, 0x0000, 0x009E, 0x1E56,
        0x1E1F, 0x00C0, 0x0000, 0x0089, 0x00E2, 0x1E41, 0x1E0A, 0x1EF3,
        0x0000, 0x0000, 0x00CD, 0x1E85, 0x0096, 0x00EF, 0x0000, 0x0000,
        0x0000, 0x0081, 0x0000, 0x00DA, 0x1E02, 0x00A3, 0x00FC, 0x0000,
        0x00C5, 0x0000, 0x008E, 0x0177, 0x00E7, 0x0000, 0x0000, 0x0000,
        0x0000, 0x00D2, 0x0000, 0x009B, 0x00F4, 0x0000, 0x0000, 0x0000,
        0x0000, 0x0086, 0x00DF, 0x0000, 0x0000, 0x1E60, 0x0000, 0x00CA,
        0x1E82, 0x0093, 0x0000, 0x00EC, 0x0000, 0x0000, 0x0000, 0x0000,
        0x0000, 0x0000, 0x00A0, 0x00F9, 0x0000, 0x0000, 0x00C2, 0x0000,
        0x008B, 0x00E4, 0x0174, 0x00AD, 0x0000, 0x0000, 0x00CF, 0x0000,
        0x0098, 0x0000, 0x00F1, 0x0000, 0x0000, 0x0000, 0x0083, 0x00DC,
        0x0000, 0x0000, 0x0000, 0x0000, 0x0000, 0x00C7, 0x0120, 0x0090,
    };
    inline constexpr uint8_t iso8859_14_bytes[] = {
        0xE9, 0x00, 0x00, 0xA5, 0xD7, 0xD4, 0x00, 0x00, 0x9D, 0xF6, 0xB0, 0x00, 0x00, 0x88, 0xE1, 0xB4,
        0xAC, 0x00, 0x00, 0x00, 0xCC, 0xBD, 0x95, 0xEE, 0x00, 0x00, 0x00, 0x80, 0x00, 0xD9, 0x00, 0x00,
        0xFB, 0x00, 0xC4, 0x00, 0x8D, 0xE6, 0xDE, 0x00, 0x00, 0x00, 0x00, 0xD1, 0x00, 0x9A, 0xF3, 0x00,
        0x00, 0x00, 0x85, 0x00, 0x00, 0x00, 0xA7, 0x00, 0x00, 0xC9, 0xB8, 0x92, 0xEB, 0x00, 0x00, 0x00,
        0x00, 0x00, 0xD6, 0x00, 0x9F, 0xF8, 0xB9, 0xC1, 0x00, 0x8A, 0x00, 0xE3, 0xAB, 0x00, 0x00, 0x00,
        0xCE, 0x00, 0x97, 0x00, 0x00, 0x00, 0x00, 0x00, 0x82, 0xDB, 0xA2, 0x00, 0xFD, 0x00, 0xC6, 0x00,
        0x8F, 0xAF, 0xE8, 0x00, 0x00, 0xA4, 0x00, 0xD3, 0x00, 0x9C, 0x00, 0xF5, 0x00, 0x00, 0x00, 0x87,
        0xE0, 0x00, 0xA9, 0xBF, 0x00, 0xCB, 0xBA, 0x00, 0x94, 0xED, 0x00, 0xB6, 0x00, 0x00, 0xD8, 0x00,
        0x00, 0x00, 0xFA, 0x00, 0xC3, 0x00, 0x8C, 0xE5, 0xF0, 0xAE, 0x00, 0x00, 0x00, 0x00, 0x00, 0x99,
        0xF2, 0x00, 0x00, 0x00, 0x84, 0xDD, 0x00, 0x00, 0x00, 0xFF, 0x00, 0xC8, 0xB3, 0x91, 0xEA, 0xA8,
        0x00, 0xF7, 0x00, 0x00, 0xD5, 0x00, 0x9E, 0xB7, 0xB1, 0xC0, 0x00, 0x89, 0xE2, 0xB5, 0xA6, 0xBC,
        0x00, 0x00, 0xCD, 0xBE, 0x96, 0xEF, 0x00, 0x00, 0x00, 0x81, 0x00, 0xDA, 0xA1, 0xA3, 0xFC, 0x00,
        0xC5, 0x00, 0x8E, 0xFE, 0xE7, 0x00, 0x00, 0x00, 0x00, 0xD2, 0x00, 0x9B, 0xF4, 0x00, 0x00, 0x00,
        0x00, 0x86, 0xDF, 0x00, 0x00, 0xBB, 0x00, 0xCA, 0xAA, 0x93, 0x00, 0xEC, 0x00, 0x00, 0x00, 0x00,
        0x00, 0x00, 0xA0, 0xF9, 0x00, 0x00, 0xC2, 0x00, 0x8B, 0xE4, 0xD0, 0xAD, 0x00, 0x00, 0xCF, 0x00,
        0x98, 0x00, 0xF1, 0x00, 0x00, 0x00, 0x83, 0xDC, 0x00, 0x00, 0x00, 0x00, 0x00, 0xC7, 0xB2, 0x90,
    };

    // iso-8859-15
    inline constexpr char16_t iso8859_15_to[] = {
        0x0000, 0x0001, 0x0002, 0x0003, 0x0004, 0x0005, 0x0006, 0x0007,
        0x0008, 0x0009, 0x000A, 0x000B, 0x000C, 0x000D, 0x000E, 0x000F,
        0x0010, 0x0011, 0x0012, 0x0013, 0x0014, 0x0015, 0x0016, 0x0017,
        0x0018, 0x0019, 0x001A, 0x001B, 0x001C, 0x001D, 0x001E, 0x001F,
        0x0020, 0x0021, 0x0022, 0x0023, 0x0024, 0x0025, 0x0026, 0x0027,
        0x0028, 0x0029, 0x002A, 0x002B, 0x002C, 0x002D, 0x002E, 0x002F,
        0x0030, 0x0031, 0x0032, 0x0033, 0x0034, 0x0035, 0x0036, 0x0037,
        0x0038, 0x0039, 0x003A, 0x003B, 0x003C, 0x003D, 0x003E, 0x003F,
        0x0040, 0x0041, 0x0042, 0x0043, 0x0044, 0x0045, 0x0046, 0x0047,
        0x0048, 0x0049, 0x004A, 0x004B, 0x004C, 0x004D, 0x004E, 0x004F,
        0x0050, 0x0051, 0x0052, 0x0053, 0x0054, 0x0055, 0x0056, 0x0057,
        0x0058, 0x0059, 0x005A, 0x005B, 0x005C, 0x005D, 0x005E, 0x005F,
        0x0060, 0x0061, 0x0062, 0x0063, 0x0064, 0x0065, 0x0066, 0x0067,
        0x0068, 0x0069, 0x006A, 0x006B, 0x006C, 0x006D, 0x006E, 0x006F,
        0x0070, 0x0071, 0x0072, 0x0073, 0x0074, 0x0075, 0x0076, 0x0077,
        0x0078, 0x0079, 0x007A, 0x007B, 0x007C, 0x007D, 0x007E, 0x007F,
        0x0080, 0x0081, 0x0082, 0x0083, 0x0084, 0x0085, 0x0086, 0x0087,
        0x0088, 0x0089, 0x008A, 0x008B, 0x008C, 0x008D, 0x008E, 0x008F,
        0x0090, 0x0091, 0x0092, 0x0093, 0x0094, 0x0095, 0x0096, 0x0097,
        0x0098, 0x0099, 0x009A, 0x009B, 0x009C, 0x009D, 0x009E, 0x009F,
        0x00A0, 0x00A1, 0x00A2, 0x00A3, 0x20AC, 0x00A5, 0x0160, 0x00A7,
        0x0161, 0x00A9, 0x00AA, 0x00AB, 0x00AC, 0x00AD, 0x00AE, 0x00AF,
        0x00B0, 0x00B1, 0x00B2, 0x00B3, 0x017D, 0x00B5, 0x00B6, 0x00B7,
        0x017E, 0x00B9, 0x00BA, 0x00BB, 0x0152, 0x0153, 0x0178, 0x00BF,
        0x00C0, 0x00C1, 0x00C2, 0x00C3, 0x00C4, 0x00C5, 0x00C6, 0x00C7,
        0x00C8, 0x00C9, 0x00CA, 0x00CB, 0x00CC, 0x00CD, 0x00CE, 0x00CF,
        0x00D0, 0x00D1, 0x00D2, 0x00D3, 0x00D4, 0x00D5, 0x00D6, 0x00D7,
        0x00D8, 0x00D9, 0x00DA, 0x00DB, 0x00DC, 0x00DD, 0x00DE, 0x00DF,
        0x00E0, 0x00E1, 0x00E2, 0x00E3, 0x00E4, 0x00E5, 0x00E6, 0x00E7,
        0x00E8, 0x00E9, 0x00EA, 0x00EB, 0x00EC, 0x00ED, 0x00EE, 0x00EF,
        0x00F0, 0x00F1, 0x00F2, 0x00F3, 0x00F4, 0x00F5, 0x00F6, 0x00F7,
        0x00F8, 0x00F9, 0x00FA, 0x00FB, 0x00FC, 0x00FD, 0x00FE, 0x00FF,
    };
    inline constexpr uint16_t iso8859_15_keys[] = {
        0x00E9, 0x0000, 0x00B2, 0x0000, 0x0000, 0x00D4, 0x0000, 0x0000,
        0x009D, 0x00F6, 0x0000, 0x00BF, 0x0000, 0x0088, 0x00E1, 0x0000,
        0x00AA, 0x0000, 0x0000, 0x0000, 0x00CC, 0x0000, 0x0095, 0x00EE,
        0x017E, 0x00B7, 0x0000, 0x0080, 0x0000, 0x00D9, 0x0000, 0x00A2,
        0x00FB, 0x0000, 0x00C4, 0x0000, 0x008D, 0x00E6, 0x0000, 0x00AF,
        0x0000, 0x0000, 0x0161, 0x00D1, 0x0000, 0x009A, 0x00F3, 0x0000,
        0x0000, 0x0000, 0x0085, 0x0000, 0x00DE, 0x0000, 0x00A7, 0x0000,
        0x0000, 0x00C9, 0x0000, 0x0092, 0x00EB, 0x20AC, 0x0000, 0x0000,
        0x0000, 0x0000, 0x00D6, 0x0000, 0x009F, 0x00F8, 0x0000, 0x00C1,
        0x0000, 0x008A, 0x0000, 0x00E3, 0x0000, 0x00AC, 0x0000, 0x0000,
        0x00CE, 0x0000, 0x0097, 0x0000, 0x00F0, 0x0000, 0x00B9, 0x0000,
        0x0082, 0x00DB, 0x0000, 0x0000, 0x00FD, 0x0000, 0x00C6, 0x0000,
        0x008F, 0x0178, 0x00E8, 0x0000, 0x00B1, 0x0000, 0x0000, 0x00D3,
        0x0000, 0x009C, 0x0000, 0x00F5, 0x0000, 0x0000, 0x0000, 0x0087,
        0x00E0, 0x0000, 0x00A9, 0x0000, 0x0000, 0x00CB, 0x0000, 0x0000,
        0x0094, 0x00ED, 0x017D, 0x00B6, 0x0000, 0x0000, 0x00D8, 0x0000,
        0x00A1, 0x0000, 0x00FA, 0x0153, 0x00C3, 0x0000, 0x008C, 0x00E5,
        0x0000, 0x00AE, 0x0000, 0x0000, 0x0160, 0x00D0, 0x0000, 0x0099,
        0x00F2, 0x0000, 0x00BB, 0x0000, 0x0084, 0x00DD, 0x0000, 0x0000,
        0x0000, 0x00FF, 0x0000, 0x00C8, 0x0000, 0x0091, 0x00EA, 0x0000,
        0x00B3, 0x0000, 0x0000, 0x0000, 0x00D5, 0x0000, 0x009E, 0x00F7,
        0x0000, 0x00C0, 0x0000, 0x0089, 0x00E2, 0x0000, 0x0000, 0x00AB,
        0x0000, 0x0000, 0x00CD, 0x0000, 0x0096, 0x00EF, 0x0000, 0x0000,
        0x0000, 0x0081, 0x0000, 0x00DA, 0x0000, 0x00A3, 0x00FC, 0x0000,
        0x00C5, 0x0000, 0x008E, 0x0000, 0x00E7, 0x0000, 0x00B0, 0x0000,
        0x0000, 0x00D2, 0x0000, 0x009B, 0x00F4, 0x0000, 0x0000, 0x0000,
        0x0000, 0x0086, 0x00DF, 0x0000, 0x0000, 0x0000, 0x0000, 0x00CA,
        0x0000, 0x0093, 0x0000, 0x00EC, 0x0000, 0x00B5, 0x0000, 0x0000,
        0x00D7, 0x0000, 0x00A0, 0x00F9, 0x0000, 0x0152, 0x00C2, 0x0000,
        0x008B, 0x00E4, 0x0000, 0x00AD, 0x0000, 0x0000, 0x00CF, 0x0000,
        0x0098, 0x0000, 0x00F1, 0x0000, 0x00BA, 0x0000, 0x0083, 0x00DC,
        0x0000, 0x00A5, 0x0000, 0x00FE, 0x0000, 0x00C7, 0x0000, 0x0090,
    };
    inline constexpr uint8_t iso8859_15_bytes[] = {
        0xE9, 0x00, 0xB2, 0x00, 0x00, 0xD4, 0x00, 0x00, 0x9D, 0xF6, 0x00, 0xBF, 0x00, 0x88, 0xE1, 0x00,
        0xAA, 0x00, 0x00, 0x00, 0xCC, 0x00, 0x95, 0xEE, 0xB8, 0xB7, 0x00, 0x80, 0x00, 0xD9, 0x00, 0xA2,
        0xFB, 0x00, 0xC4, 0x00, 0x8D, 0xE6, 0x00, 0xAF, 0x00, 0x00, 0xA8, 0xD1, 0x00, 0x9A, 0xF3, 0x00,
        0x00, 0x00, 0x85, 0x00, 0xDE, 0x00, 0xA7, 0x00, 0x00, 0xC9, 0x00, 0x92, 0xEB, 0xA4, 0x00, 0x00,
        0x00, 0x00, 0xD6, 0x00, 0x9F, 0xF8, 0x00, 0xC1, 0x00, 0x8A, 0x00, 0xE3, 0x00, 0xAC, 0x00, 0x00,
        0xCE, 0x00, 0x97, 0x00, 0xF0, 0x00, 0xB9, 0x00, 0x82, 0xDB, 0x00, 0x00, 0xFD, 0x00, 0xC6, 0x00,
        0x8F, 0xBE, 0xE8, 0x00, 0xB1, 0x00, 0x00, 0xD3, 0x00, 0x9C, 0x00, 0xF5, 0x00, 0x00, 0x00, 0x87,
        0xE0, 0x00, 0xA9, 0x00, 0x00, 0xCB, 0x00, 0x00, 0x94, 0xED, 0xB4, 0xB6, 0x00, 0x00, 0xD8, 0x00,
        0xA1, 0x00, 0xFA, 0xBD, 0xC3, 0x00, 0x8C, 0xE5, 0x00, 0xAE, 0x00, 0x00, 0xA6, 0xD0, 0x00, 0x99,
        0xF2, 0x00, 0xBB, 0x00, 0x84, 0xDD, 0x00, 0x00, 0x00, 0xFF, 0x00, 0xC8, 0x00, 0x91, 0xEA, 0x00,
        0xB3, 0x00, 0x00, 0x00, 0xD5, 0x00, 0x9E, 0xF7, 0x00, 0xC0, 0x00, 0x89, 0xE2, 0x00, 0x00, 0xAB,
        0x00, 0x00, 0xCD, 0x00, 0x96, 0xEF, 0x00, 0x00, 0x00, 0x81, 0x00, 0xDA, 0x00, 0xA3, 0xFC, 0x00,
        0xC5, 0x00, 0x8E, 0x00, 0xE7, 0x00, 0xB0, 0x00, 0x00, 0xD2, 0x00, 0x9B, 0xF4, 0x00, 0x00, 0x00,
        0x00, 0x86, 0xDF, 0x00, 0x00, 0x00, 0x00, 0xCA, 0x00, 0x93, 0x00, 0xEC, 0x00, 0xB5, 0x00, 0x00,
        0xD7, 0x00, 0xA0, 0xF9, 0x00, 0xBC, 0xC2, 0x00, 0x8B, 0xE4, 0x00, 0xAD, 0x00, 0x00, 0xCF, 0x00,
        0x98, 0x00, 0xF1, 0x00, 0xBA, 0x00, 0x83, 0xDC, 0x00, 0xA5, 0x00, 0xFE, 0x00, 0xC7, 0x00, 0x90,
    };

    // iso-8859-16
    inline constexpr char16_t iso8859_16_to[] = {
        0x0000, 0x0001, 0x0002, 0x0003, 0x0004, 0x0005, 0x0006, 0x0007,
        0x0008, 0x0009, 0x000A, 0x000B, 0x000C, 0x000D, 0x000E, 0x000F,
        0x0010, 0x0011, 0x0012, 0x0013, 0x0014, 0x0015, 0x0016, 0x0017,
        0x0018, 0x0019, 0x001A, 0x001B, 0x001C, 0x001D, 0x001E, 0x001F,
        0x0020, 0x0021, 0x0022, 0x0023, 0x0024, 0x0025, 0x0026, 0x0027,
        0x0028, 0x0029, 0x002A, 0x002B, 0x002C, 0x002D, 0x002E, 0x002F,
        0x0030, 0x0031, 0x0032, 0x0033, 0x0034, 0x0035, 0x0036, 0x0037,
        0x0038, 0x0039, 0x003A, 0x003B, 0x003C, 0x003D, 0x003E, 0x003F,
        0x0040, 0x0041, 0x0042, 0x0043, 0x0044, 0x0045, 0x0046, 0x0047,
        0x0048, 0x0049, 0x004A, 0x004B, 0x004C, 0x004D, 0x004E, 0x004F,
        0x0050, 0x0051, 0x0052, 0x0053, 0x0054, 0x0055, 0x0056, 0x0057,
        0x0058, 0x0059, 0x005A, 0x005B, 0x005C, 0x005D, 0x005E, 0x005F,
        0x0060, 0x0061, 0x0062, 0x0063, 0x0064, 0x0065, 0x0066, 0x0067,
        0x0068, 0x0069, 0x006A, 0x006B, 0x006C, 0x006D, 0x006E, 0x006F,
        0x0070, 0x0071, 0x0072, 0x0073, 0x0074, 0x0075, 0x0076, 0x0077,
        0x0078, 0x0079, 0x007A, 0x007B, 0x007C, 0x007D, 0x007E, 0x007F,
        0x0080, 0x0081, 0x0082, 0x0083, 0x0084, 0x0085, 0x0086, 0x0087,
        0x0088, 0x0089, 0x008A, 0x008B, 0x008C, 0x008D, 0x008E, 0x008F,
        0x0090, 0x0091, 0x0092, 0x0093, 0x0094, 0x0095, 0x0096, 0x0097,
        0x0098, 0x0099, 0x009A, 0x009B, 0x009C, 0x009D, 0x009E, 0x009F,
        0x00A0, 0x0104, 0x0105, 0x0141, 0x20AC, 0x201E, 0x0160, 0x00A7,
        0x0161, 0x00A9, 0x0218, 0x00AB, 0x0179, 0x00AD, 0x017A, 0x017B,
        0x00B0, 0x00B1, 0x010C, 0x0142, 0x017D, 0x201D, 0x00B6, 0x00B7,
        0x017E, 0x010D, 0x0219, 0x00BB, 0x0152, 0x0153, 0x0178, 0x017C,
        0x00C0, 0x00C1, 0x00C2, 0x0102, 0x00C4, 0x0106, 0x00C6, 0x00C7,
        0x00C8, 0x00C9, 0x00CA, 0x00CB, 0x00CC, 0x00CD, 0x00CE, 0x00CF,
        0x0110, 0x0143, 0x00D2, 0x00D3, 0x00D4, 0x0150, 0x00D6, 0x015A,
        0x0170, 0x00D9, 0x00DA, 0x00DB, 0x00DC, 0x0118, 0x021A, 0x00DF,
        0x00E0, 0x00E1, 0x00E2, 0x0103, 0x00E4, 0x0107, 0x00E6, 0x00E7,
        0x00E8, 0x00E9, 0x00EA, 0x00EB, 0x00EC, 0x00ED, 0x00EE, 0x00EF,
        0x0111, 0x0144, 0x00F2, 0x00F3, 0x00F4, 0x0151, 0x00F6, 0x015B,
        0x0171, 0x00F9, 0x00FA, 0x00FB, 0x00FC, 0x0119, 0x021B, 0x00FF,
    };
    inline constexpr uint16_t iso8859_16_keys[] = {
        0x00E9, 0x0142, 0x0179, 0x0000, 0x0000, 0x00D4, 0x0000, 0x0000,
        0x009D, 0x00F6, 0x0000, 0x0000, 0x0118, 0x0088, 0x00E1, 0x0171,
        0x0000, 0x0000, 0x0103, 0x0000, 0x00CC, 0x0000, 0x0095, 0x00EE,
        0x017E, 0x00B7, 0x0110, 0x0080, 0x0000, 0x00D9, 0x021B, 0x0000,
        0x00FB, 0x0000, 0x00C4, 0x0000, 0x008D, 0x00E6, 0x0000, 0x0000,
        0x0000, 0x0000, 0x0161, 0x0000, 0x0000, 0x009A, 0x00F3, 0x0000,
        0x0000, 0x0000, 0x0085, 0x0000, 0x0000, 0x0000, 0x00A7, 0x0000,
        0x0000, 0x00C9, 0x0000, 0x0092, 0x00EB, 0x017B, 0x0144, 0x20AC,
        0x010D, 0x0000, 0x00D6, 0x0000, 0x009F, 0x0218, 0x0000, 0x00C1,
        0x0151, 0x008A, 0x0000, 0x0000, 0x0000, 0x0000, 0x0105, 0x0000,
        0x00CE, 0x0000, 0x0097, 0x0000, 0x0000, 0x0000, 0x0000, 0x0000,
        0x0082, 0x00DB, 0x0000, 0x0000, 0x0000, 0x0000, 0x00C6, 0x0000,
        0x008F, 0x0178, 0x00E8, 0x0141, 0x00B1, 0x0000, 0x0000, 0x00D3,
        0x0000, 0x009C, 0x0000, 0x0000, 0x0000, 0x0000, 0x0000, 0x0087,
        0x00E0, 0x0170, 0x00A9, 0x0102, 0x0000, 0x00CB, 0x015B, 0x0000,
        0x0094, 0x00ED, 0x017D, 0x00B6, 0x201E, 0x0000, 0x0000, 0x0000,
        0x021A, 0x0000, 0x00FA, 0x0153, 0x0000, 0x0000, 0x008C, 0x0000,
        0x0000, 0x0000, 0x0107, 0x0000, 0x0160, 0x0000, 0x0000, 0x0099,
        0x00F2, 0x0000, 0x00BB, 0x0000, 0x0084, 0x0000, 0x0000, 0x0000,
        0x0000, 0x00FF, 0x0000, 0x00C8, 0x0000, 0x0091, 0x00EA, 0x0143,
        0x017A, 0x0000, 0x010C, 0x0000, 0x0000, 0x0000, 0x009E, 0x0000,
        0x0150, 0x00C0, 0x0119, 0x0089, 0x00E2, 0x0000, 0x0000, 0x00AB,
        0x0104, 0x0000, 0x00CD, 0x0000, 0x0096, 0x00EF, 0x0000, 0x0000,
        0x0000, 0x0081, 0x0111, 0x00DA, 0x0000, 0x0000, 0x00FC, 0x0000,
        0x0000, 0x0000, 0x008E, 0x0000, 0x00E7, 0x0000, 0x00B0, 0x0000,
        0x0000, 0x00D2, 0x0000, 0x009B, 0x00F4, 0x0000, 0x0000, 0x0000,
        0x0000, 0x0086, 0x00DF, 0x0000, 0x0000, 0x0000, 0x015A, 0x00CA,
        0x0000, 0x0093, 0x017C, 0x00EC, 0x201D, 0x0000, 0x0000, 0x0000,
        0x0000, 0x0000, 0x00A0, 0x00F9, 0x0219, 0x0152, 0x00C2, 0x0000,
        0x008B, 0x00E4, 0x0000, 0x00AD, 0x0106, 0x0000, 0x00CF, 0x0000,
        0x0098, 0x0000, 0x0000, 0x0000, 0x0000, 0x0000, 0x0083, 0x00DC,
        0x0000, 0x0000, 0x0000, 0x0000, 0x0000, 0x00C7, 0x0000, 0x0090,
    };
    inline constexpr uint8_t iso8859_16_bytes[] = {
        0xE9, 0xB3, 0xAC, 0x00, 0x00, 0xD4, 0x00, 0x00, 0x9D, 0xF6, 0x00, 0x00, 0xDD, 0x88, 0xE1, 0xF8,
        0x00, 0x00, 0xE3, 0x00, 0xCC, 0x00, 0x95, 0xEE, 0xB8, 0xB7, 0xD0, 0x80, 0x00, 0xD9, 0xFE, 0x00,
        0xFB, 0x00, 0xC4, 0x00, 0x8D, 0xE6, 0x00, 0x00, 0x00, 0x00, 0xA8, 0x00, 0x00, 0x9A, 0xF3, 0x00,
        0x00, 0x00, 0x85, 0x00, 0x00, 0x00, 0xA7, 0x00, 0x00, 0xC9, 0x00, 0x92, 0xEB, 0xAF, 0xF1, 0xA4,
        0xB9, 0x00, 0xD6, 0x00, 0x9F, 0xAA, 0x00, 0xC1, 0xF5, 0x8A, 0x00, 0x00, 0x00, 0x00, 0xA2, 0x00,
        0xCE, 0x00, 0x97, 0x00, 0x00, 0x00, 0x00, 0x00, 0x82, 0xDB, 0x00, 0x00, 0x00, 0x00, 0xC6, 0x00,
        0x8F, 0xBE, 0xE8, 0xA3, 0xB1, 0x00, 0x00, 0xD3, 0x00, 0x9C, 0x00, 0x00, 0x00, 0x00, 0x00, 0x87,
        0xE0, 0xD8, 0xA9, 0xC3, 0x00, 0xCB, 0xF7, 0x00, 0x94, 0xED, 0xB4, 0xB6, 0xA5, 0x00, 0x00, 0x00,
        0xDE, 0x00, 0xFA, 0xBD, 0x00, 0x00, 0x8C, 0x00, 0x00, 0x00, 0xE5, 0x00, 0xA6, 0x00, 0x00, 0x99,
        0xF2, 0x00, 0xBB, 0x00, 0x84, 0x00, 0x00, 0x00, 0x00, 0xFF, 0x00, 0xC8, 0x00, 0x91, 0xEA, 0xD1,
        0xAE, 0x00, 0xB2, 0x00, 0x00, 0x00, 0x9E, 0x00, 0xD5, 0xC0, 0xFD, 0x89, 0xE2, 0x00, 0x00, 0xAB,
        0xA1, 0x00, 0xCD, 0x00, 0x96, 0xEF, 0x00, 0x00, 0x00, 0x81, 0xF0, 0xDA, 0x00, 0x00, 0xFC, 0x00,
        0x00, 0x00, 0x8E, 0x00, 0xE7, 0x00, 0xB0, 0x00, 0x00, 0xD2, 0x00, 0x9B, 0xF4, 0x00, 0x00, 0x00,
        0x00, 0x86, 0xDF, 0x00, 0x00, 0x00, 0xD7, 0xCA, 0x00, 0x93, 0xBF, 0xEC, 0xB5, 0x00, 0x00, 0x00,
        0x00, 0x00, 0xA0, 0xF9, 0xBA, 0xBC, 0xC2, 0x00, 0x8B, 0xE4, 0x00, 0xAD, 0xC5, 0x00, 0xCF, 0x00,
        0x98, 0x00, 0x00, 0x00, 0x00, 0x00, 0x83, 0xDC, 0x00, 0x00, 0x00, 0x00, 0x00, 0xC7, 0x00, 0x90,
    };

    // koi8-r
    inline constexpr char16_t koi8_r_to[] = {
        0x0000, 0x0001, 0x0002, 0x0003, 0x0004, 0x0005, 0x0006, 0x0007,
        0x0008, 0x0009, 0x000A, 0x000B, 0x000C, 0x000D, 0x000E, 0x000F,
        0x0010, 0x0011, 0x0012, 0x0013, 0x0014, 0x0015, 0x0016, 0x0017,
        0x0018, 0x0019, 0x001A, 0x001B, 0x001C, 0x001D, 0x001E, 0x001F,
        0x0020, 0x0021, 0x0022, 0x0023, 0x0024, 0x0025, 0x0026, 0x0027,
        0x0028, 0x0029, 0x002A, 0x002B, 0x002C, 0x002D, 0x002E, 0x002F,
        0x0030, 0x0031, 0x0032, 0x0033, 0x0034, 0x0035, 0x0036, 0x0037,
        0x0038, 0x0039, 0x003A, 0x003B, 0x003C, 0x003D, 0x003E, 0x003F,
        0x0040, 0x0041, 0x0042, 0x0043, 0x0044, 0x0045, 0x0046, 0x0047,
        0x0048, 0x0049, 0x004A, 0x004B, 0x004C, 0x004D, 0x004E, 0x004F,
        0x0050, 0x0051, 0x0052, 0x0053, 0x0054, 0x0055, 0x0056, 0x0057,
        0x0058, 0x0059, 0x005A, 0x005B, 0x005C, 0x005D, 0x005E, 0x005F,
        0x0060, 0x0061, 0x0062, 0x0063, 0x0064, 0x0065, 0x0066, 0x0067,
        0x0068, 0x0069, 0x006A, 0x006B, 0x006C, 0x006D, 0x006E, 0x006F,
        0x0070, 0x0071, 0x0072, 0x0073, 0x0074, 0x0075, 0x0076, 0x0077,
        0x0078, 0x0079, 0x007A, 0x007B, 0x007C, 0x007D, 0x007E, 0x007F,
        0x2500, 0x2502, 0x250C, 0x2510, 0x2514, 0x2518, 0x251C, 0x2524,
        0x252C, 0x2534, 0x253C, 0x2580, 0x2584, 0x2588, 0x258C, 0x2590,
        0x2591, 0x2592, 0x2593, 0x2320, 0x25A0, 0x2219, 0x221A, 0x2248,
        0x2264, 0x2265, 0x00A0, 0x2321, 0x00B0, 0x00B2, 0x00B7, 0x00F7,
        0x2550, 0x2551, 0x2552, 0x0451, 0x2553, 0x2554, 0x2555, 0x2556,
        0x2557, 0x2558, 0x2559, 0x255A, 0x255B, 0x255C, 0x255D, 0x255E,
        0x255F, 0x2560, 0x2561, 0x0401, 0x2562, 0x2563, 0x2564, 0x2565,
        0x2566, 0x2567, 0x2568, 0x2569, 0x256A, 0x256B, 0x256C, 0x00A9,
        0x044E, 0x0430, 0x0431, 0x0446, 0x0434, 0x0435, 0x0444, 0x0433,
        0x0445, 0x0438, 0x0439, 0x043A, 0x043B, 0x043C, 0x043D, 0x043E,
        0x043F, 0x044F, 0x0440, 0x0441, 0x0442, 0x0443, 0x0436, 0x0432,
        0x044C, 0x044B, 0x0437, 0x0448, 0x044D, 0x0449, 0x0447, 0x044A,
        0x042E, 0x0410, 0x0411, 0x0426, 0x0414, 0x0415, 0x0424, 0x0413,
        0x0425, 0x0418, 0x0419, 0x041A, 0x041B, 0x041C, 0x041D, 0x041E,
        0x041F, 0x042F, 0x0420, 0x0421, 0x0422, 0x0423, 0x0416, 0x0412,
        0x042C, 0x042B, 0x0417, 0x0428, 0x042D, 0x0429, 0x0427, 0x042A,
    };
    inline constexpr uint16_t koi8_r_keys[] = {
        0x0000, 0x0434, 0x00B2, 0x2590, 0x2500, 0x2559, 0x041F, 0x0000,
        0x0000, 0x0441, 0x0000, 0x0000, 0x0000, 0x0000, 0x2566, 0x042C,
        0x0000, 0x0000, 0x044E, 0x2588, 0x0417, 0x2551, 0x0000, 0x0000,
        0x0439, 0x00B7, 0x253C, 0x0000, 0x255E, 0x0424, 0x0000, 0x0000,
        0x2580, 0x0446, 0x0000, 0x0000, 0x0000, 0x256B, 0x0431, 0x2534,
        0x0000, 0x0000, 0x0000, 0x041C, 0x2264, 0x2556, 0x0000, 0x043E,
        0x0000, 0x0000, 0x0000, 0x0000, 0x0429, 0x2563, 0x252C, 0x0000,
        0x044B, 0x0000, 0x0414, 0x0000, 0x0000, 0x0436, 0x0000, 0x0000,
        0x2592, 0x2502, 0x255B, 0x0421, 0x2524, 0x0000, 0x0443, 0x0000,
        0x0000, 0x0000, 0x0000, 0x042E, 0x2568, 0x0000, 0x0000, 0x0000,
        0x2553, 0x0419, 0x251C, 0x0000, 0x043B, 0x0000, 0x0000, 0x0000,
        0x0000, 0x2560, 0x0426, 0x0000, 0x2320, 0x0448, 0x0000, 0x0411,
        0x2514, 0x0000, 0x0433, 0x0000, 0x0000, 0x0000, 0x0000, 0x2558,
        0x041E, 0x0000, 0x0000, 0x0440, 0x0000, 0x0000, 0x0000, 0x221A,
        0x250C, 0x042B, 0x00A9, 0x2565, 0x044D, 0x2550, 0x0416, 0x0000,
        0x0000, 0x0000, 0x0438, 0x0000, 0x0401, 0x0000, 0x255D, 0x0423,
        0x0000, 0x0000, 0x0445, 0x0000, 0x0000, 0x0000, 0x0000, 0x256A,
        0x0430, 0x0000, 0x258C, 0x0000, 0x0000, 0x041B, 0x2555, 0x0000,
        0x0000, 0x043D, 0x0000, 0x0000, 0x0000, 0x2562, 0x0428, 0x0000,
        0x0000, 0x044A, 0x2584, 0x0000, 0x0413, 0x0000, 0x0000, 0x0435,
        0x0000, 0x0000, 0x2591, 0x0000, 0x0420, 0x255A, 0x0000, 0x00F7,
        0x0442, 0x0000, 0x0000, 0x0000, 0x2567, 0x042D, 0x0000, 0x0000,
        0x0000, 0x044F, 0x2552, 0x0418, 0x0000, 0x0000, 0x043A, 0x0000,
        0x0000, 0x0000, 0x0000, 0x0425, 0x255F, 0x0000, 0x0000, 0x0447,
        0x0000, 0x0410, 0x0000, 0x256C, 0x0432, 0x0000, 0x00B0, 0x0000,
        0x0000, 0x2557, 0x041D, 0x2265, 0x0000, 0x043F, 0x0000, 0x0000,
        0x0000, 0x2219, 0x2564, 0x042A, 0x0000, 0x0000, 0x044C, 0x0000,
        0x0415, 0x2518, 0x0000, 0x0437, 0x0000, 0x2248, 0x2593, 0x0000,
        0x255C, 0x0422, 0x00A0, 0x0000, 0x0444, 0x0000, 0x0000, 0x25A0,
        0x2510, 0x2569, 0x042F, 0x0000, 0x0000, 0x0451, 0x2554, 0x041A,
        0x0000, 0x0000, 0x043C, 0x0000, 0x0000, 0x0000, 0x0000, 0x2561,
        0x0427, 0x0000, 0x2321, 0x0449, 0x0000, 0x0412, 0x0000, 0x0000,
    };
    inline constexpr uint8_t koi8_r_bytes[] = {
        0x00, 0xC4, 0x9D, 0x8F, 0x80, 0xAA, 0xF0, 0x00, 0x00, 0xD3, 0x00, 0x00, 0x00, 0x00, 0xB8, 0xF8,
        0x00, 0x00, 0xC0, 0x8D, 0xFA, 0xA1, 0x00, 0x00, 0xCA, 0x9E, 0x8A, 0x00, 0xAF, 0xE6, 0x00, 0x00,
        0x8B, 0xC3, 0x00, 0x00, 0x00, 0xBD, 0xC2, 0x89, 0x00, 0x00, 0x00, 0xED, 0x98, 0xA7, 0x00, 0xCF,
        0x00, 0x00, 0x00, 0x00, 0xFD, 0xB5, 0x88, 0x00, 0xD9, 0x00, 0xE4, 0x00, 0x00, 0xD6, 0x00, 0x00,
        0x91, 0x81, 0xAC, 0xF3, 0x87, 0x00, 0xD5, 0x00, 0x00, 0x00, 0x00, 0xE0, 0xBA, 0x00, 0x00, 0x00,
        0xA4, 0xEA, 0x86, 0x00, 0xCC, 0x00, 0x00, 0x00, 0x00, 0xB1, 0xE3, 0x00, 0x93, 0xDB, 0x00, 0xE2,
        0x84, 0x00, 0xC7, 0x00, 0x00, 0x00, 0x00, 0xA9, 0xEF, 0x00, 0x00, 0xD2, 0x00, 0x00, 0x00, 0x96,
        0x82, 0xF9, 0xBF, 0xB7, 0xDC, 0xA0, 0xF6, 0x00, 0x00, 0x00, 0xC9, 0x00, 0xB3, 0x00, 0xAE, 0xF5,
        0x00, 0x00, 0xC8, 0x00, 0x00, 0x00, 0x00, 0xBC, 0xC1, 0x00, 0x8E, 0x00, 0x00, 0xEC, 0xA6, 0x00,
        0x00, 0xCE, 0x00, 0x00, 0x00, 0xB4, 0xFB, 0x00, 0x00, 0xDF, 0x8C, 0x00, 0xE7, 0x00, 0x00, 0xC5,
        0x00, 0x00, 0x90, 0x00, 0xF2, 0xAB, 0x00, 0x9F, 0xD4, 0x00, 0x00, 0x00, 0xB9, 0xFC, 0x00, 0x00,
        0x00, 0xD1, 0xA2, 0xE9, 0x00, 0x00, 0xCB, 0x00, 0x00, 0x00, 0x00, 0xE8, 0xB0, 0x00, 0x00, 0xDE,
        0x00, 0xE1, 0x00, 0xBE, 0xD7, 0x00, 0x9C, 0x00, 0x00, 0xA8, 0xEE, 0x99, 0x00, 0xD0, 0x00, 0x00,
        0x00, 0x95, 0xB6, 0xFF, 0x00, 0x00, 0xD8, 0x00, 0xE5, 0x85, 0x00, 0xDA, 0x00, 0x97, 0x92, 0x00,
        0xAD, 0xF4, 0x9A, 0x00, 0xC6, 0x00, 0x00, 0x94, 0x83, 0xBB, 0xF1, 0x00, 0x00, 0xA3, 0xA5, 0xEB,
        0x00, 0x00, 0xCD, 0x00, 0x00, 0x00, 0x00, 0xB2, 0xFE, 0x00, 0x9B, 0xDD, 0x00, 0xF7, 0x00, 0x00,
    };

    // koi8-u
    inline constexpr char16_t koi8_u_to[] = {
        0x0000, 0x0001, 0x0002, 0x0003, 0x0004, 0x0005, 0x0006, 0x0007,
        0x0008, 0x0009, 0x000A, 0x000B, 0x000C, 0x000D, 0x000E, 0x000F,
        0x0010, 0x0011, 0x0012, 0x0013, 0x0014, 0x0015, 0x0016, 0x0017,
        0x0018, 0x0019, 0x001A, 0x001B, 0x001C, 0x001D, 0x001E, 0x001F,
        0x0020, 0x0021, 0x0022, 0x0023, 0x0024, 0x0025, 0x0026, 0x0027,
        0x0028, 0x0029, 0x002A, 0x002B, 0x002C, 0x002D, 0x002E, 0x002F,
        0x0030, 0x0031, 0x0032, 0x0033, 0x0034, 0x0035, 0x0036, 0x0037,
        0x0038, 0x0039, 0x003A, 0x003B, 0x003C, 0x003D, 0x003E, 0x003F,
        0x0040, 0x0041, 0x0042, 0x0043, 0x0044, 0x0045, 0x0046, 0x0047,
        0x0048, 0x0049, 0x004A, 0x004B, 0x004C, 0x004D, 0x004E, 0x004F,
        0x0050, 0x0051, 0x0052, 0x0053, 0x0054, 0x0055, 0x0056, 0x0057,
        0x0058, 0x0059, 0x005A, 0x005B, 0x005C, 0x005D, 0x005E, 0x005F,
        0x0060, 0x0061, 0x0062, 0x0063, 0x0064, 0x0065, 0x0066, 0x0067,
        0x0068, 0x0069, 0x006A, 0x006B, 0x006C, 0x006D, 0x006E, 0x006F,
        0x0070, 0x0071, 0x0072, 0x0073, 0x0074, 0x0075, 0x0076, 0x0077,
        0x0078, 0x0079, 0x007A, 0x007B, 0x007C, 0x007D, 0x007E, 0x007F,
        0x2500, 0x2502, 0x250C, 0x2510, 0x2514, 0x2518, 0x251C, 0x2524,
        0x252C, 0x2534, 0x253C, 0x2580, 0x2584, 0x2588, 0x258C, 0x2590,
        0x2591, 0x2592, 0x2593, 0x2320, 0x25A0, 0x2219, 0x221A, 0x2248,
        0x2264, 0x2265, 0x00A0, 0x2321, 0x00B0, 0x00B2, 0x00B7, 0x00F7,
        0x2550, 0x2551, 0x2552, 0x0451, 0x0454, 0x2554, 0x0456, 0x0457,
        0x2557, 0x2558, 0x2559, 0x255A, 0x255B, 0x0491, 0x255D, 0x255E,
        0x255F, 0x2560, 0x2561, 0x0401, 0x0404, 0x2563, 0x0406, 0x0407,
        0x2566, 0x2567, 0x2568, 0x2569, 0x256A, 0x0490, 0x256C, 0x00A9,
        0x044E, 0x0430, 0x0431, 0x0446, 0x0434, 0x0435, 0x0444, 0x0433,
        0x0445, 0x0438, 0x0439, 0x043A, 0x043B, 0x043C, 0x043D, 0x043E,
        0x043F, 0x044F, 0x0440, 0x0441, 0x0442, 0x0443, 0x0436, 0x0432,
        0x044C, 0x044B, 0x0437, 0x0448, 0x044D, 0x0449, 0x0447, 0x044A,
        0x042E, 0x0410, 0x0411, 0x0426, 0x0414, 0x0415, 0x0424, 0x0413,
        0x0425, 0x0418, 0x0419, 0x041A, 0x041B, 0x041C, 0x041D, 0x041E,
        0x041F, 0x042F, 0x0420, 0x0421, 0x0422, 0x0423, 0x0416, 0x0412,
        0x042C, 0x042B, 0x0417, 0x0428, 0x042D, 0x0429, 0x0427, 0x042A,
    };
    inline constexpr uint16_t koi8_u_keys[] = {
        0x0000, 0x0434, 0x00B2, 0x2590, 0x0456, 0x2500, 0x041F, 0x2559,
        0x0000, 0x0441, 0x0000, 0x0000, 0x0000, 0x0000, 0x2566, 0x042C,
        0x0000, 0x0000, 0x044E, 0x2588, 0x0417, 0x2551, 0x0000, 0x0000,
        0x0439, 0x00B7, 0x253C, 0x0000, 0x255E, 0x0424, 0x0000, 0x0000,
        0x2580, 0x0446, 0x0000, 0x0000, 0x0000, 0x0000, 0x0431, 0x2534,
        0x0000, 0x0000, 0x0000, 0x041C, 0x2264, 0x0000, 0x0000, 0x043E,
        0x0000, 0x0407, 0x0000, 0x0000, 0x0429, 0x2563, 0x252C, 0x0000,
        0x044B, 0x0000, 0x0414, 0x0000, 0x0000, 0x0436, 0x0000, 0x0000,
        0x2592, 0x2502, 0x255B, 0x0421, 0x2524, 0x0000, 0x0443, 0x0000,
        0x0000, 0x0000, 0x0000, 0x042E, 0x2568, 0x0000, 0x0000, 0x0000,
        0x0000, 0x0419, 0x251C, 0x0000, 0x043B, 0x0000, 0x0404, 0x0000,
        0x0000, 0x2560, 0x0426, 0x0000, 0x2320, 0x0448, 0x0000, 0x0411,
        0x2514, 0x0000, 0x0433, 0x0000, 0x0000, 0x0000, 0x0000, 0x2558,
        0x041E, 0x0000, 0x0000, 0x0440, 0x0000, 0x0000, 0x0000, 0x221A,
        0x250C, 0x042B, 0x00A9, 0x0000, 0x044D, 0x2550, 0x0416, 0x0000,
        0x0000, 0x0000, 0x0438, 0x0491, 0x0401, 0x0000, 0x255D, 0x0423,
        0x0000, 0x0000, 0x0445, 0x0000, 0x0000, 0x0000, 0x0000, 0x256A,
        0x0430, 0x0000, 0x258C, 0x0000, 0x0000, 0x041B, 0x0000, 0x0000,
        0x0000, 0x043D, 0x0000, 0x0406, 0x0000, 0x0000, 0x0428, 0x0000,
        0x0000, 0x044A, 0x2584, 0x0000, 0x0413, 0x0000, 0x0000, 0x0435,
        0x0000, 0x0000, 0x0457, 0x2591, 0x0420, 0x255A, 0x0000, 0x00F7,
        0x0442, 0x0000, 0x0000, 0x0000, 0x2567, 0x042D, 0x0000, 0x0000,
        0x0000, 0x044F, 0x2552, 0x0418, 0x0000, 0x0000, 0x043A, 0x0000,
        0x0000, 0x0000, 0x0000, 0x0425, 0x255F, 0x0000, 0x0000, 0x0447,
        0x0000, 0x0410, 0x0000, 0x256C, 0x0432, 0x0000, 0x00B0, 0x0000,
        0x0454, 0x2557, 0x041D, 0x2265, 0x0000, 0x043F, 0x0000, 0x0000,
        0x0000, 0x2219, 0x0000, 0x042A, 0x0000, 0x0000, 0x044C, 0x0000,
        0x0415, 0x2518, 0x0000, 0x0437, 0x0000, 0x0490, 0x2248, 0x2593,
        0x0000, 0x0422, 0x00A0, 0x0000, 0x0444, 0x0000, 0x0000, 0x25A0,
        0x2510, 0x2569, 0x042F, 0x0000, 0x0000, 0x0451, 0x2554, 0x041A,
        0x0000, 0x0000, 0x043C, 0x0000, 0x0000, 0x0000, 0x0000, 0x2561,
        0x0427, 0x0000, 0x2321, 0x0449, 0x0000, 0x0412, 0x0000, 0x0000,
    };
    inline constexpr uint8_t koi8_u_bytes[] = {
        0x00, 0xC4, 0x9D, 0x8F, 0xA6, 0x80, 0xF0, 0xAA, 0x00, 0xD3, 0x00, 0x00, 0x00, 0x00, 0xB8, 0xF8,
        0x00, 0x00, 0xC0, 0x8D, 0xFA, 0xA1, 0x00, 0x00, 0xCA, 0x9E, 0x8A, 0x00, 0xAF, 0xE6, 0x00, 0x00,
        0x8B, 0xC3, 0x00, 0x00, 0x00, 0x00, 0xC2, 0x89, 0x00, 0x00, 0x00, 0xED, 0x98, 0x00, 0x00, 0xCF,
        0x00, 0xB7, 0x00, 0x00, 0xFD, 0xB5, 0x88, 0x00, 0xD9, 0x00, 0xE4, 0x00, 0x00, 0xD6, 0x00, 0x00,
        0x91, 0x81, 0xAC, 0xF3, 0x87, 0x00, 0xD5, 0x00, 0x00, 0x00, 0x00, 0xE0, 0xBA, 0x00, 0x00, 0x00,
        0x00, 0xEA, 0x86, 0x00, 0xCC, 0x00, 0xB4, 0x00, 0x00, 0xB1, 0xE3, 0x00, 0x93, 0xDB, 0x00, 0xE2,
        0x84, 0x00, 0xC7, 0x00, 0x00, 0x00, 0x00, 0xA9, 0xEF, 0x00, 0x00, 0xD2, 0x00, 0x00, 0x00, 0x96,
        0x82, 0xF9, 0xBF, 0x00, 0xDC, 0xA0, 0xF6, 0x00, 0x00, 0x00, 0xC9, 0xAD, 0xB3, 0x00, 0xAE, 0xF5,
        0x00, 0x00, 0xC8, 0x00, 0x00, 0x00, 0x00, 0xBC, 0xC1, 0x00, 0x8E, 0x00, 0x00, 0xEC, 0x00, 0x00,
        0x00, 0xCE, 0x00, 0xB6, 0x00, 0x00, 0xFB, 0x00, 0x00, 0xDF, 0x8C, 0x00, 0xE7, 0x00, 0x00, 0xC5,
        0x00, 0x00, 0xA7, 0x90, 0xF2, 0xAB, 0x00, 0x9F, 0xD4, 0x00, 0x00, 0x00, 0xB9, 0xFC, 0x00, 0x00,
        0x00, 0xD1, 0xA2, 0xE9, 0x00, 0x00, 0xCB, 0x00, 0x00, 0x00, 0x00, 0xE8, 0xB0, 0x00, 0x00, 0xDE,
        0x00, 0xE1, 0x00, 0xBE, 0xD7, 0x00, 0x9C, 0x00, 0xA4, 0xA8, 0xEE, 0x99, 0x00, 0xD0, 0x00, 0x00,
        0x00, 0x95, 0x00, 0xFF, 0x00, 0x00, 0xD8, 0x00, 0xE5, 0x85, 0x00, 0xDA, 0x00, 0xBD, 0x97, 0x92,
        0x00, 0xF4, 0x9A, 0x00, 0xC6, 0x00, 0x00, 0x94, 0x83, 0xBB, 0xF1, 0x00, 0x00, 0xA3, 0xA5, 0xEB,
        0x00, 0x00, 0xCD, 0x00, 0x00, 0x00, 0x00, 0xB2, 0xFE, 0x00, 0x9B, 0xDD, 0x00, 0xF7, 0x00, 0x00,
    };

    // macintosh
    inline constexpr char16_t macintosh_to[] = {
        0x0000, 0x0001, 0x0002, 0x0003, 0x0004, 0x0005, 0x0006, 0x0007,
        0x0008, 0x0009, 0x000A, 0x000B, 0x000C, 0x000D, 0x000E, 0x000F,
        0x0010, 0x0011, 0x0012, 0x0013, 0x0014, 0x0015, 0x0016, 0x0017,
        0x0018, 0x0019, 0x001A, 0x001B, 0x001C, 0x001D, 0x001E, 0x001F,
        0x0020, 0x0021, 0x0022, 0x0023, 0x0024, 0x0025, 0x0026, 0x0027,
        0x0028, 0x0029, 0x002A, 0x002B, 0x002C, 0x002D, 0x002E, 0x002F,
        0x0030, 0x0031, 0x0032, 0x0033, 0x0034, 0x0035, 0x0036, 0x0037,
        0x0038, 0x0039, 0x003A, 0x003B, 0x003C, 0x003D, 0x003E, 0x003F,
        0x0040, 0x0041, 0x0042, 0x0043, 0x0044, 0x0045, 0x0046, 0x0047,
        0x0048, 0x0049, 0x004A, 0x004B, 0x004C, 0x004D, 0x004E, 0x004F,
        0x0050, 0x0051, 0x0052, 0x0053, 0x0054, 0x0055, 0x0056, 0x0057,
        0x0058, 0x0059, 0x005A, 0x005B, 0x005C, 0x005D, 0x005E, 0x005F,
        0x0060, 0x0061, 0x0062, 0x0063, 0x0064, 0x0065, 0x0066, 0x0067,
        0x0068, 0x0069, 0x006A, 0x006B, 0x006C, 0x006D, 0x006E, 0x006F,
        0x0070, 0x0071, 0x0072, 0x0073, 0x0074, 0x0075, 0x0076, 0x0077,
        0x0078, 0x0079, 0x007A, 0x007B, 0x007C, 0x007D, 0x007E, 0x007F,
        0x00C4, 0x00C5, 0x00C7, 0x00C9, 0x00D1, 0x00D6, 0x00DC, 0x00E1,
        0x00E0, 0x00E2, 0x00E4, 0x00E3, 0x00E5, 0x00E7, 0x00E9, 0x00E8,
        0x00EA, 0x00EB, 0x00ED, 0x00EC, 0x00EE, 0x00EF, 0x00F1, 0x00F3,
        0x00F2, 0x00F4, 0x00F6, 0x00F5, 0x00FA, 0x00F9, 0x00FB, 0x00FC,
        0x2020, 0x00B0, 0x00A2, 0x00A3, 0x00A7, 0x2022, 0x00B6, 0x00DF,
        0x00AE, 0x00A9, 0x2122, 0x00B4, 0x00A8, 0x2260, 0x00C6, 0x00D8,
        0x221E, 0x00B1, 0x2264, 0x2265, 0x00A5, 0x00B5, 0x2202, 0x2211,
        0x220F, 0x03C0, 0x222B, 0x00AA, 0x00BA, 0x03A9, 0x00E6, 0x00F8,
        0x00BF, 0x00A1, 0x00AC, 0x221A, 0x0192, 0x2248, 0x2206, 0x00AB,
        0x00BB, 0x2026, 0x00A0, 0x00C0, 0x00C3, 0x00D5, 0x0152, 0x0153,
        0x2013, 0x2014, 0x201C, 0x201D, 0x2018, 0x2019, 0x00F7, 0x25CA,
        0x00FF, 0x0178, 0x2044, 0x20AC, 0x2039, 0x203A, 0xFB01, 0xFB02,
        0x2021, 0x00B7, 0x201A, 0x201E, 0x2030, 0x00C2, 0x00CA, 0x00C1,
        0x00CB, 0x00C8, 0x00CD, 0x00CE, 0x00CF, 0x00CC, 0x00D3, 0x00D4,
        0xF8FF, 0x00D2, 0x00DA, 0x00DB, 0x00D9, 0x0131, 0x02C6, 0x02DC,
        0x00AF, 0x02D8, 0x02D9, 0x02DA, 0x00B8, 0x02DD, 0x02DB, 0x02C7,
    };
    inline constexpr uint16_t macintosh_keys[] = {
        0x00E9, 0x201A, 0xFB01, 0x0000, 0x02DD, 0x00D4, 0x0000, 0x0000,
        0x0000, 0x00F6, 0x0000, 0x00BF, 0x0000, 0x0000, 0x00E1, 0x0000,
        0x00AA, 0x0000, 0x0000, 0x2206, 0x00CC, 0x0000, 0x0000, 0x00EE,
        0x0000, 0x00B7, 0x03A9, 0x0000, 0x0000, 0x00D9, 0x0000, 0x00A2,
        0x00FB, 0x0000, 0x00C4, 0x0000, 0x0000, 0x00E6, 0x0000, 0x00AF,
        0x0000, 0x2039, 0x02DA, 0x00D1, 0x2122, 0x2264, 0x00F3, 0x0000,
        0x0000, 0x0000, 0x0000, 0x0000, 0x0000, 0x0000, 0x00A7, 0x0000,
        0x0000, 0x00C9, 0x0000, 0x0000, 0x00EB, 0x201C, 0x20AC, 0x00B4,
        0x0000, 0x0000, 0x00D6, 0x0000, 0x0000, 0x00F8, 0x0000, 0x00C1,
        0x0000, 0x0000, 0x0000, 0x00E3, 0x2014, 0x00AC, 0x0000, 0x0000,
        0x00CE, 0x03C0, 0x0000, 0x0000, 0x2021, 0x0000, 0x0000, 0xF8FF,
        0x0000, 0x00DB, 0x0000, 0x0000, 0x0000, 0x0000, 0x00C6, 0x0000,
        0x0000, 0x0178, 0x00E8, 0x2019, 0x00B1, 0x0000, 0x02DC, 0x00D3,
        0x0000, 0x0000, 0x0000, 0x00F5, 0x02C7, 0x2026, 0x0000, 0x221A,
        0x00E0, 0x0000, 0x00A9, 0x0192, 0x0000, 0x00CB, 0x0000, 0x0000,
        0x0000, 0x00ED, 0x201E, 0x00B6, 0x0000, 0x0000, 0x00D8, 0x0000,
        0x00A1, 0x0131, 0x00FA, 0x0153, 0x00C3, 0x0000, 0x0000, 0x00E5,
        0x0000, 0x00AE, 0x0000, 0x02D9, 0x0000, 0x0000, 0x0000, 0x0000,
        0x00F2, 0x0000, 0x00BB, 0x0000, 0x0000, 0x0000, 0x0000, 0x0000,
        0x0000, 0x00FF, 0x2030, 0x00C8, 0x2202, 0x0000, 0x00EA, 0x0000,
        0xFB02, 0x0000, 0x0000, 0x220F, 0x00D5, 0x0000, 0x0000, 0x00F7,
        0x0000, 0x00C0, 0x0000, 0x0000, 0x00E2, 0x2013, 0x0000, 0x00AB,
        0x0000, 0x0000, 0x00CD, 0x2260, 0x0000, 0x00EF, 0x2020, 0x00B8,
        0x0000, 0x0000, 0x0000, 0x00DA, 0x0000, 0x00A3, 0x00FC, 0x0000,
        0x00C5, 0x0000, 0x0000, 0x0000, 0x00E7, 0x2018, 0x00B0, 0x203A,
        0x02DB, 0x00D2, 0x2265, 0x0000, 0x00F4, 0x02C6, 0x0000, 0x0000,
        0x0000, 0x0000, 0x00DF, 0x0000, 0x00A8, 0x0000, 0x0000, 0x00CA,
        0x0000, 0x0000, 0x0000, 0x00EC, 0x201D, 0x00B5, 0x2248, 0x2211,
        0x25CA, 0x0000, 0x00A0, 0x00F9, 0x0000, 0x0152, 0x00C2, 0x0000,
        0x221E, 0x00E4, 0x0000, 0x0000, 0x0000, 0x02D8, 0x00CF, 0x0000,
        0x0000, 0x222B, 0x00F1, 0x2022, 0x00BA, 0x2044, 0x0000, 0x00DC,
        0x0000, 0x00A5, 0x0000, 0x0000, 0x0000, 0x00C7, 0x0000, 0x0000,
    };
    inline constexpr uint8_t macintosh_bytes[] = {
        0x8E, 0xE2, 0xDE, 0x00, 0xFD, 0xEF, 0x00, 0x00, 0x00, 0x9A, 0x00, 0xC0, 0x00, 0x00, 0x87, 0x00,
        0xBB, 0x00, 0x00, 0xC6, 0xED, 0x00, 0x00, 0x94, 0x00, 0xE1, 0xBD, 0x00, 0x00, 0xF4, 0x00, 0xA2,
        0x9E, 0x00, 0x80, 0x00, 0x00, 0xBE, 0x00, 0xF8, 0x00, 0xDC, 0xFB, 0x84, 0xAA, 0xB2, 0x97, 0x00,
        0x00, 0x00, 0x00, 0x00, 0x00, 0x00, 0xA4, 0x00, 0x00, 0x83, 0x00, 0x00, 0x91, 0xD2, 0xDB, 0xAB,
        0x00, 0x00, 0x85, 0x00, 0x00, 0xBF, 0x00, 0xE7, 0x00, 0x00, 0x00, 0x8B, 0xD1, 0xC2, 0x00, 0x00,
        0xEB, 0xB9, 0x00, 0x00, 0xE0, 0x00, 0x00, 0xF0, 0x00, 0xF3, 0x00, 0x00, 0x00, 0x00, 0xAE, 0x00,
        0x00, 0xD9, 0x8F, 0xD5, 0xB1, 0x00, 0xF7, 0xEE, 0x00, 0x00, 0x00, 0x9B, 0xFF, 0xC9, 0x00, 0xC3,
        0x88, 0x00, 0xA9, 0xC4, 0x00, 0xE8, 0x00, 0x00, 0x00, 0x92, 0xE3, 0xA6, 0x00, 0x00, 0xAF, 0x00,
        0xC1, 0xF5, 0x9C, 0xCF, 0xCC, 0x00, 0x00, 0x8C, 0x00, 0xA8, 0x00, 0xFA, 0x00, 0x00, 0x00, 0x00,
        0x98, 0x00, 0xC8, 0x00, 0x00, 0x00, 0x00, 0x00, 0x00, 0xD8, 0xE4, 0xE9, 0xB6, 0x00, 0x90, 0x00,
        0xDF, 0x00, 0x00, 0xB8, 0xCD, 0x00, 0x00, 0xD6, 0x00, 0xCB, 0x00, 0x00, 0x89, 0xD0, 0x00, 0xC7,
        0x00, 0x00, 0xEA, 0xAD, 0x00, 0x95, 0xA0, 0xFC, 0x00, 0x00, 0x00, 0xF2, 0x00, 0xA3, 0x9F, 0x00,
        0x81, 0x00, 0x00, 0x00, 0x8D, 0xD4, 0xA1, 0xDD, 0xFE, 0xF1, 0xB3, 0x00, 0x99, 0xF6, 0x00, 0x00,
        0x00, 0x00, 0xA7, 0x00, 0xAC, 0x00, 0x00, 0xE6, 0x00, 0x00, 0x00, 0x93, 0xD3, 0xB5, 0xC5, 0xB7,
        0xD7, 0x00, 0xCA, 0x9D, 0x00, 0xCE, 0xE5, 0x00, 0xB0, 0x8A, 0x00, 0x00, 0x00, 0xF9, 0xEC, 0x00,
        0x00, 0xBA, 0x96, 0xA5, 0xBC, 0xDA, 0x00, 0x86, 0x00, 0xB4, 0x00, 0x00, 0x00, 0x82, 0x00, 0x00,
    };

    // windows-874
    inline constexpr char16_t windows874_to[] = {
        0x0000, 0x0001, 0x0002, 0x0003, 0x0004, 0x0005, 0x0006, 0x0007,
        0x0008, 0x0009, 0x000A, 0x000B, 0x000C, 0x000D, 0x000E, 0x000F,
        0x0010, 0x0011, 0x0012, 0x0013, 0x0014, 0x0015, 0x0016, 0x0017,
        0x0018, 0x0019, 0x001A, 0x001B, 0x001C, 0x001D, 0x001E, 0x001F,
        0x0020, 0x0021, 0x0022, 0x0023, 0x0024, 0x0025, 0x0026, 0x0027,
        0x0028, 0x0029, 0x002A, 0x002B, 0x002C, 0x002D, 0x002E, 0x002F,
        0x0030, 0x0031, 0x0032, 0x0033, 0x0034, 0x0035, 0x0036, 0x0037,
        0x0038, 0x0039, 0x003A, 0x003B, 0x003C, 0x003D, 0x003E, 0x003F,
        0x0040, 0x0041, 0x0042, 0x0043, 0x0044, 0x0045, 0x0046, 0x0047,
        0x0048, 0x0049, 0x004A, 0x004B, 0x004C, 0x004D, 0x004E, 0x004F,
        0x0050, 0x0051, 0x0052, 0x0053, 0x0054, 0x0055, 0x0056, 0x0057,
        0x0058, 0x0059, 0x005A, 0x005B, 0x005C, 0x005D, 0x005E, 0x005F,
        0x0060, 0x0061, 0x0062, 0x0063, 0x0064, 0x0065, 0x0066, 0x0067,
        0x0068, 0x0069, 0x006A, 0x006B, 0x006C, 0x006D, 0x006E, 0x006F,
        0x0070, 0x0071, 0x0072, 0x0073, 0x0074, 0x0075, 0x0076, 0x0077,
        0x0078, 0x0079, 0x007A, 0x007B, 0x007C, 0x007D, 0x007E, 0x007F,
        0x20AC, 0xFFFD, 0xFFFD, 0xFFFD, 0xFFFD, 0x2026, 0xFFFD, 0xFFFD,
        0xFFFD, 0xFFFD, 0xFFFD, 0xFFFD, 0xFFFD, 0xFFFD, 0xFFFD, 0xFFFD,
        0xFFFD, 0x2018, 0x2019, 0x201C, 0x201D, 0x2022, 0x2013, 0x2014,
        0xFFFD, 0xFFFD, 0xFFFD, 0xFFFD, 0xFFFD, 0xFFFD, 0xFFFD, 0xFFFD,
        0x00A0, 0x0E01, 0x0E02, 0x0E03, 0x0E04, 0x0E05, 0x0E06, 0x0E07,
        0x0E08, 0x0E09, 0x0E0A, 0x0E0B, 0x0E0C, 0x0E0D, 0x0E0E, 0x0E0F,
        0x0E10, 0x0E11, 0x0E12, 0x0E13, 0x0E14, 0x0E15, 0x0E16, 0x0E17,
        0x0E18, 0x0E19, 0x0E1A, 0x0E1B, 0x0E1C, 0x0E1D, 0x0E1E, 0x0E1F,
        0x0E20, 0x0E21, 0x0E22, 0x0E23, 0x0E24, 0x0E25, 0x0E26, 0x0E27,
        0x0E28, 0x0E29, 0x0E2A, 0x0E2B, 0x0E2C, 0x0E2D, 0x0E2E, 0x0E2F,
        0x0E30, 0x0E31, 0x0E32, 0x0E33, 0x0E34, 0x0E35, 0x0E36, 0x0E37,
        0x0E38, 0x0E39, 0x0E3A, 0xFFFD, 0xFFFD, 0xFFFD, 0xFFFD, 0x0E3F,
        0x0E40, 0x0E41, 0x0E42, 0x0E43, 0x0E44, 0x0E45, 0x0E46, 0x0E47,
        0x0E48, 0x0E49, 0x0E4A, 0x0E4B, 0x0E4C, 0x0E4D, 0x0E4E, 0x0E4F,
        0x0E50, 0x0E51, 0x0E52, 0x0E53, 0x0E54, 0x0E55, 0x0E56, 0x0E57,
        0x0E58, 0x0E59, 0x0E5A, 0x0E5B, 0xFFFD, 0xFFFD, 0xFFFD, 0xFFFD,
    };
    inline constexpr uint16_t windows874_keys[] = {
        0x0000, 0x0E4C, 0x0000, 0x0E15, 0x0000, 0x0000, 0x0E37, 0x0000,
        0x0000, 0x0E59, 0x0000, 0x0000, 0x0E22, 0x0000, 0x0000, 0x0E44,
        0x0000, 0x0E0D, 0x0000, 0x0000, 0x0E2F, 0x0000, 0x0000, 0x0000,
        0x0E51, 0x0000, 0x0E1A, 0x0000, 0x0000, 0x0000, 0x0000, 0x0E05,
        0x0000, 0x0000, 0x0000, 0x0E27, 0x0000, 0x0000, 0x0E49, 0x0000,
        0x0E12, 0x0000, 0x0000, 0x0E34, 0x0000, 0x0000, 0x0000, 0x0E56,
        0x0000, 0x0E1F, 0x0000, 0x0000, 0x0E41, 0x0000, 0x0E0A, 0x0000,
        0x0000, 0x0000, 0x0E2C, 0x0000, 0x20AC, 0x0E4E, 0x201C, 0x0E17,
        0x0000, 0x0000, 0x0000, 0x0E39, 0x0000, 0x0E02, 0x0E5B, 0x0000,
        0x0E24, 0x0000, 0x0000, 0x0E46, 0x2014, 0x0E0F, 0x0000, 0x0000,
        0x0000, 0x0E31, 0x0000, 0x0000, 0x0E53, 0x0000, 0x0E1C, 0x0000,
        0x0000, 0x0000, 0x0000, 0x0000, 0x0E07, 0x0000, 0x0000, 0x0E29,
        0x0000, 0x0000, 0x0E4B, 0x2019, 0x0E14, 0x0000, 0x0000, 0x0000,
        0x0E36, 0x0000, 0x0000, 0x0E58, 0x2026, 0x0E21, 0x0000, 0x0000,
        0x0000, 0x0E43, 0x0000, 0x0E0C, 0x0000, 0x0000, 0x0E2E, 0x0000,
        0x0000, 0x0E50, 0x0000, 0x0000, 0x0E19, 0x0000, 0x0000, 0x0000,
        0x0000, 0x0E04, 0x0000, 0x0000, 0x0E26, 0x0000, 0x0000, 0x0000,
        0x0E48, 0x0000, 0x0E11, 0x0000, 0x0000, 0x0E33, 0x0000, 0x0000,
        0x0000, 0x0E55, 0x0000, 0x0E1E, 0x0000, 0x0000, 0x0E40, 0x0000,
        0x0E09, 0x0000, 0x0000, 0x0E2B, 0x0000, 0x0000, 0x0000, 0x0E4D,
        0x0000, 0x0E16, 0x0000, 0x0000, 0x0E38, 0x0000, 0x0E01, 0x0000,
        0x0E5A, 0x0000, 0x0E23, 0x0000, 0x0000, 0x0E45, 0x2013, 0x0E0E,
        0x0000, 0x0000, 0x0000, 0x0E30, 0x0000, 0x0000, 0x0E52, 0x0000,
        0x0E1B, 0x0000, 0x0000, 0x0000, 0x0000, 0x0E06, 0x0000, 0x0000,
        0x0000, 0x0E28, 0x0000, 0x0000, 0x0E4A, 0x2018, 0x0E13, 0x0000,
        0x0000, 0x0000, 0x0E35, 0x0000, 0x0000, 0x0E57, 0x0000, 0x0E20,
        0x0000, 0x0000, 0x0E42, 0x0000, 0x0000, 0x0E0B, 0x0000, 0x0000,
        0x0E2D, 0x0000, 0x0000, 0x0E4F, 0x201D, 0x0E18, 0x0000, 0x0000,
        0x0000, 0x0E3A, 0x00A0, 0x0E03, 0x0000, 0x0000, 0x0E25, 0x0000,
        0x0000, 0x0000, 0x0E47, 0x0000, 0x0E10, 0x0000, 0x0000, 0x0E32,
        0x0000, 0x0000, 0x0E54, 0x2022, 0x0E1D, 0x0000, 0x0000, 0x0000,
        0x0E3F, 0x0000, 0x0E08, 0x0000, 0x0000, 0x0E2A, 0x0000, 0x0000,
    };
    inline constexpr uint8_t windows874_bytes[] = {
        0x00, 0xEC, 0x00, 0xB5, 0x00, 0x00, 0xD7, 0x00, 0x00, 0xF9, 0x00, 0x00, 0xC2, 0x00, 0x00, 0xE4,
        0x00, 0xAD, 0x00, 0x00, 0xCF, 0x00, 0x00, 0x00, 0xF1, 0x00, 0xBA, 0x00, 0x00, 0x00, 0x00, 0xA5,
        0x00, 0x00, 0x00, 0xC7, 0x00, 0x00, 0xE9, 0x00, 0xB2, 0x00, 0x00, 0xD4, 0x00, 0x00, 0x00, 0xF6,
        0x00, 0xBF, 0x00, 0x00, 0xE1, 0x00, 0xAA, 0x00, 0x00, 0x00, 0xCC, 0x00, 0x80, 0xEE, 0x93, 0xB7,
        0x00, 0x00, 0x00, 0xD9, 0x00, 0xA2, 0xFB, 0x00, 0xC4, 0x00, 0x00, 0xE6, 0x97, 0xAF, 0x00, 0x00,
        0x00, 0xD1, 0x00, 0x00, 0xF3, 0x00, 0xBC, 0x00, 0x00, 0x00, 0x00, 0x00, 0xA7, 0x00, 0x00, 0xC9,
        0x00, 0x00, 0xEB, 0x92, 0xB4, 0x00, 0x00, 0x00, 0xD6, 0x00, 0x00, 0xF8, 0x85, 0xC1, 0x00, 0x00,
        0x00, 0xE3, 0x00, 0xAC, 0x00, 0x00, 0xCE, 0x00, 0x00, 0xF0, 0x00, 0x00, 0xB9, 0x00, 0x00, 0x00,
        0x00, 0xA4, 0x00, 0x00, 0xC6, 0x00, 0x00, 0x00, 0xE8, 0x00, 0xB1, 0x00, 0x00, 0xD3, 0x00, 0x00,
        0x00, 0xF5, 0x00, 0xBE, 0x00, 0x00, 0xE0, 0x00, 0xA9, 0x00, 0x00, 0xCB, 0x00, 0x00, 0x00, 0xED,
        0x00, 0xB6, 0x00, 0x00, 0xD8, 0x00, 0xA1, 0x00, 0xFA, 0x00, 0xC3, 0x00, 0x00, 0xE5, 0x96, 0xAE,
        0x00, 0x00, 0x00, 0xD0, 0x00, 0x00, 0xF2, 0x00, 0xBB, 0x00, 0x00, 0x00, 0x00, 0xA6, 0x00, 0x00,
        0x00, 0xC8, 0x00, 0x00, 0xEA, 0x91, 0xB3, 0x00, 0x00, 0x00, 0xD5, 0x00, 0x00, 0xF7, 0x00, 0xC0,
        0x00, 0x00, 0xE2, 0x00, 0x00, 0xAB, 0x00, 0x00, 0xCD, 0x00, 0x00, 0xEF, 0x94, 0xB8, 0x00, 0x00,
        0x00, 0xDA, 0xA0, 0xA3, 0x00, 0x00, 0xC5, 0x00, 0x00, 0x00, 0xE7, 0x00, 0xB0, 0x00, 0x00, 0xD2,
        0x00, 0x00, 0xF4, 0x95, 0xBD, 0x00, 0x00, 0x00, 0xDF, 0x00, 0xA8, 0x00, 0x00, 0xCA, 0x00, 0x00,
    };

    // windows-1250
    inline constexpr char16_t windows1250_to[] = {
        0x0000, 0x0001, 0x0002, 0x0003, 0x0004, 0x0005, 0x0006, 0x0007,
        0x0008, 0x0009, 0x000A, 0x000B, 0x000C, 0x000D, 0x000E, 0x000F,
        0x0010, 0x0011, 0x0012, 0x0013, 0x0014, 0x0015, 0x0016, 0x0017,
        0x0018, 0x0019, 0x001A, 0x001B, 0x001C, 0x001D, 0x001E, 0x001F,
        0x0020, 0x0021, 0x0022, 0x0023, 0x0024, 0x0025, 0x0026, 0x0027,
        0x0028, 0x0029, 0x002A, 0x002B, 0x002C, 0x002D, 0x002E, 0x002F,
        0x0030, 0x0031, 0x0032, 0x0033, 0x0034, 0x0035, 0x0036, 0x0037,
        0x0038, 0x0039, 0x003A, 0x003B, 0x003C, 0x003D, 0x003E, 0x003F,
        0x0040, 0x0041, 0x0042, 0x0043, 0x0044, 0x0045, 0x0046, 0x0047,
        0x0048, 0x0049, 0x004A, 0x004B, 0x004C, 0x004D, 0x004E, 0x004F,
        0x0050, 0x0051, 0x0052, 0x0053, 0x0054, 0x0055, 0x0056, 0x0057,
        0x0058, 0x0059, 0x005A, 0x005B, 0x005C, 0x005D, 0x005E, 0x005F,
        0x0060, 0x0061, 0x0062, 0x0063, 0x0064, 0x0065, 0x0066, 0x0067,
        0x0068, 0x0069, 0x006A, 0x006B, 0x006C, 0x006D, 0x006E, 0x006F,
        0x0070, 0x0071, 0x0072, 0x0073, 0x0074, 0x0075, 0x0076, 0x0077,
        0x0078, 0x0079, 0x007A, 0x007B, 0x007C, 0x007D, 0x007E, 0x007F,
        0x20AC, 0xFFFD, 0x201A, 0xFFFD, 0x201E, 0x2026, 0x2020, 0x2021,
        0xFFFD, 0x2030, 0x0160, 0x2039, 0x015A, 0x0164, 0x017D, 0x0179,
        0xFFFD, 0x2018, 0x2019, 0x201C, 0x201D, 0x2022, 0x2013, 0x2014,
        0xFFFD, 0x2122, 0x0161, 0x203A, 0x015B, 0x0165, 0x017E, 0x017A,
        0x00A0, 0x02C7, 0x02D8, 0x0141, 0x00A4, 0x0104, 0x00A6, 0x00A7,
        0x00A8, 0x00A9, 0x015E, 0x00AB, 0x00AC, 0x00AD, 0x00AE, 0x017B,
        0x00B0, 0x00B1, 0x02DB, 0x0142, 0x00B4, 0x00B5, 0x00B6, 0x00B7,
        0x00B8, 0x0105, 0x015F, 0x00BB, 0x013D, 0x02DD, 0x013E, 0x017C,
        0x0154, 0x00C1, 0x00C2, 0x0102, 0x00C4, 0x0139, 0x0106, 0x00C7,
        0x010C, 0x00C9, 0x0118, 0x00CB, 0x011A, 0x00CD, 0x00CE, 0x010E,
        0x0110, 0x0143, 0x0147, 0x00D3, 0x00D4, 0x0150, 0x00D6, 0x00D7,
        0x0158, 0x016E, 0x00DA, 0x0170, 0x00DC, 0x00DD, 0x0162, 0x00DF,
        0x0155, 0x00E1, 0x00E2, 0x0103, 0x00E4, 0x013A, 0x0107, 0x00E7,
        0x010D, 0x00E9, 0x0119, 0x00EB, 0x011B, 0x00ED, 0x00EE, 0x010F,
        0x0111, 0x0144, 0x0148, 0x00F3, 0x00F4, 0x0151, 0x00F6, 0x00F7,
        0x0159, 0x016F, 0x00FA, 0x0171, 0x00FC, 0x00FD, 0x0163, 0x02D9,
    };
    inline constexpr uint16_t windows1250_keys[] = {
        0x00E9, 0x0142, 0x201A, 0x0000, 0x02DD, 0x00D4, 0x0164, 0x0000,
        0x0000, 0x00F6, 0x0000, 0x0000, 0x0118, 0x0171, 0x00E1, 0x0000,
        0x013A, 0x0000, 0x0103, 0x0000, 0x0000, 0x0000, 0x017E, 0x00EE,
        0x0147, 0x00B7, 0x0110, 0x0000, 0x0000, 0x0000, 0x0000, 0x0000,
        0x0000, 0x0154, 0x00C4, 0x0000, 0x0000, 0x0000, 0x0000, 0x0000,
        0x0000, 0x2039, 0x0161, 0x2122, 0x0000, 0x0000, 0x00F3, 0x0000,
        0x0000, 0x0000, 0x0000, 0x016E, 0x0000, 0x0000, 0x00A7, 0x0000,
        0x0159, 0x00C9, 0x0000, 0x0000, 0x00EB, 0x017B, 0x0144, 0x00B4,
        0x010D, 0x201C, 0x00D6, 0x20AC, 0x0000, 0x0000, 0x0000, 0x00C1,
        0x0151, 0x011A, 0x0000, 0x2014, 0x0000, 0x00AC, 0x0105, 0x015E,
        0x00CE, 0x0000, 0x0000, 0x0000, 0x2021, 0x0000, 0x0000, 0x0000,
        0x0000, 0x0000, 0x0000, 0x00A4, 0x00FD, 0x0000, 0x0000, 0x0000,
        0x0000, 0x0000, 0x2019, 0x0141, 0x00B1, 0x0000, 0x0163, 0x00D3,
        0x0000, 0x0000, 0x0000, 0x2026, 0x02C7, 0x0000, 0x0000, 0x0170,
        0x0000, 0x0139, 0x00A9, 0x0102, 0x0000, 0x00CB, 0x015B, 0x0000,
        0x017D, 0x00ED, 0x201E, 0x00B6, 0x010F, 0x0000, 0x0000, 0x0000,
        0x0000, 0x0000, 0x00FA, 0x0000, 0x0000, 0x0000, 0x0000, 0x0000,
        0x013E, 0x00AE, 0x0107, 0x02D9, 0x0160, 0x0000, 0x0000, 0x0000,
        0x0000, 0x0000, 0x00BB, 0x0000, 0x0000, 0x00DD, 0x0000, 0x00A6,
        0x0000, 0x2030, 0x0158, 0x0000, 0x0000, 0x017A, 0x0000, 0x0143,
        0x0000, 0x0000, 0x010C, 0x0165, 0x0000, 0x0000, 0x0000, 0x00F7,
        0x0150, 0x0000, 0x0119, 0x0000, 0x00E2, 0x2013, 0x0000, 0x00AB,
        0x0104, 0x0000, 0x00CD, 0x0000, 0x0000, 0x0000, 0x2020, 0x00B8,
        0x0148, 0x0111, 0x0000, 0x00DA, 0x0000, 0x0000, 0x00FC, 0x0155,
        0x0000, 0x0000, 0x0000, 0x0000, 0x00E7, 0x2018, 0x00B0, 0x203A,
        0x0162, 0x02DB, 0x0000, 0x0000, 0x00F4, 0x0000, 0x0000, 0x0000,
        0x0000, 0x016F, 0x00DF, 0x0000, 0x00A8, 0x0000, 0x015A, 0x0000,
        0x0000, 0x0000, 0x017C, 0x201D, 0x0000, 0x00B5, 0x010E, 0x0000,
        0x00D7, 0x0000, 0x00A0, 0x0000, 0x0000, 0x0000, 0x00C2, 0x011B,
        0x0000, 0x00E4, 0x013D, 0x00AD, 0x0106, 0x02D8, 0x015F, 0x0000,
        0x0000, 0x0000, 0x2022, 0x0000, 0x0000, 0x0000, 0x0000, 0x00DC,
        0x0000, 0x0000, 0x0000, 0x0000, 0x0000, 0x00C7, 0x0000, 0x0179,
    };
    inline constexpr uint8_t windows1250_bytes[] = {
        0xE9, 0xB3, 0x82, 0x00, 0xBD, 0xD4, 0x8D, 0x00, 0x00, 0xF6, 0x00, 0x00, 0xCA, 0xFB, 0xE1, 0x00,
        0xE5, 0x00, 0xE3, 0x00, 0x00, 0x00, 0x9E, 0xEE, 0xD2, 0xB7, 0xD0, 0x00, 0x00, 0x00, 0x00, 0x00,
        0x00, 0xC0, 0xC4, 0x00, 0x00, 0x00, 0x00, 0x00, 0x00, 0x8B, 0x9A, 0x99, 0x00, 0x00, 0xF3, 0x00,
        0x00, 0x00, 0x00, 0xD9, 0x00, 0x00, 0xA7, 0x00, 0xF8, 0xC9, 0x00, 0x00, 0xEB, 0xAF, 0xF1, 0xB4,
        0xE8, 0x93, 0xD6, 0x80, 0x00, 0x00, 0x00, 0xC1, 0xF5, 0xCC, 0x00, 0x97, 0x00, 0xAC, 0xB9, 0xAA,
        0xCE, 0x00, 0x00, 0x00, 0x87, 0x00, 0x00, 0x00, 0x00, 0x00, 0x00, 0xA4, 0xFD, 0x00, 0x00, 0x00,
        0x00, 0x00, 0x92, 0xA3, 0xB1, 0x00, 0xFE, 0xD3, 0x00, 0x00, 0x00, 0x85, 0xA1, 0x00, 0x00, 0xDB,
        0x00, 0xC5, 0xA9, 0xC3, 0x00, 0xCB, 0x9C, 0x00, 0x8E, 0xED, 0x84, 0xB6, 0xEF, 0x00, 0x00, 0x00,
        0x00, 0x00, 0xFA, 0x00, 0x00, 0x00, 0x00, 0x00, 0xBE, 0xAE, 0xE6, 0xFF, 0x8A, 0x00, 0x00, 0x00,
        0x00, 0x00, 0xBB, 0x00, 0x00, 0xDD, 0x00, 0xA6, 0x00, 0x89, 0xD8, 0x00, 0x00, 0x9F, 0x00, 0xD1,
        0x00, 0x00, 0xC8, 0x9D, 0x00, 0x00, 0x00, 0xF7, 0xD5, 0x00, 0xEA, 0x00, 0xE2, 0x96, 0x00, 0xAB,
        0xA5, 0x00, 0xCD, 0x00, 0x00, 0x00, 0x86, 0xB8, 0xF2, 0xF0, 0x00, 0xDA, 0x00, 0x00, 0xFC, 0xE0,
        0x00, 0x00, 0x00, 0x00, 0xE7, 0x91, 0xB0, 0x9B, 0xDE, 0xB2, 0x00, 0x00, 0xF4, 0x00, 0x00, 0x00,
        0x00, 0xF9, 0xDF, 0x00, 0xA8, 0x00, 0x8C, 0x00, 0x00, 0x00, 0xBF, 0x94, 0x00, 0xB5, 0xCF, 0x00,
        0xD7, 0x00, 0xA0, 0x00, 0x00, 0x00, 0xC2, 0xEC, 0x00, 0xE4, 0xBC, 0xAD, 0xC6, 0xA2, 0xBA, 0x00,
        0x00, 0x00, 0x95, 0x00, 0x00, 0x00, 0x00, 0xDC, 0x00, 0x00, 0x00, 0x00, 0x00, 0xC7, 0x00, 0x8F,
    };

    // windows-1251
    inline constexpr char16_t windows1251_to[] = {
        0x0000, 0x0001, 0x0002, 0x0003, 0x0004, 0x0005, 0x0006, 0x0007,
        0x0008, 0x0009, 0x000A, 0x000B, 0x000C, 0x000D, 0x000E, 0x000F,
        0x0010, 0x0011, 0x0012, 0x0013, 0x0014, 0x0015, 0x0016, 0x0017,
        0x0018, 0x0019, 0x001A, 0x001B, 0x001C, 0x001D, 0x001E, 0x001F,
        0x0020, 0x0021, 0x0022, 0x0023, 0x0024, 0x0025, 0x0026, 0x0027,
        0x0028, 0x0029, 0x002A, 0x002B, 0x002C, 0x002D, 0x002E, 0x002F,
        0x0030, 0x0031, 0x0032, 0x0033, 0x0034, 0x0035, 0x0036, 0x0037,
        0x0038, 0x0039, 0x003A, 0x003B, 0x003C, 0x003D, 0x003E, 0x003F,
        0x0040, 0x0041, 0x0042, 0x0043, 0x0044, 0x0045, 0x0046, 0x0047,
        0x0048, 0x0049, 0x004A, 0x004B, 0x004C, 0x004D, 0x004E, 0x004F,
        0x0050, 0x0051, 0x0052, 0x0053, 0x0054, 0x0055, 0x0056, 0x0057,
        0x0058, 0x0059, 0x005A, 0x005B, 0x005C, 0x005D, 0x005E, 0x005F,
        0x0060, 0x0061, 0x0062, 0x0063, 0x0064, 0x0065, 0x0066, 0x0067,
        0x0068, 0x0069, 0x006A, 0x006B, 0x006C, 0x006D, 0x006E, 0x006F,
        0x0070, 0x0071, 0x0072, 0x0073, 0x0074, 0x0075, 0x0076, 0x0077,
        0x0078, 0x0079, 0x007A, 0x007B, 0x007C, 0x007D, 0x007E, 0x007F,
        0x0402, 0x0403, 0x201A, 0x0453, 0x201E, 0x2026, 0x2020, 0x2021,
        0x20AC, 0x2030, 0x0409, 0x2039, 0x040A, 0x040C, 0x040B, 0x040F,
        0x0452, 0x2018, 0x2019, 0x201C, 0x201D, 0x2022, 0x2013, 0x2014,
        0xFFFD, 0x2122, 0x0459, 0x203A, 0x045A, 0x045C, 0x045B, 0x045F,
        0x00A0, 0x040E, 0x045E, 0x0408, 0x00A4, 0x0490, 0x00A6, 0x00A7,
        0x0401, 0x00A9, 0x0404, 0x00AB, 0x00AC, 0x00AD, 0x00AE, 0x0407,
        0x00B0, 0x00B1, 0x0406, 0x0456, 0x0491, 0x00B5, 0x00B6, 0x00B7,
        0x0451, 0x2116, 0x0454, 0x00BB, 0x0458, 0x0405, 0x0455, 0x0457,
        0x0410, 0x0411, 0x0412, 0x0413, 0x0414, 0x0415, 0x0416, 0x0417,
        0x0418, 0x0419, 0x041A, 0x041B, 0x041C, 0x041D, 0x041E, 0x041F,
        0x0420, 0x0421, 0x0422, 0x0423, 0x0424, 0x0425, 0x0426, 0x0427,
        0x0428, 0x0429, 0x042A, 0x042B, 0x042C, 0x042D, 0x042E, 0x042F,
        0x0430, 0x0431, 0x0432, 0x0433, 0x0434, 0x0435, 0x0436, 0x0437,
        0x0438, 0x0439, 0x043A, 0x043B, 0x043C, 0x043D, 0x043E, 0x043F,
        0x0440, 0x0441, 0x0442, 0x0443, 0x0444, 0x0445, 0x0446, 0x0447,
        0x0448, 0x0449, 0x044A, 0x044B, 0x044C, 0x044D, 0x044E, 0x044F,
    };
    inline constexpr uint16_t windows1251_keys[] = {
        0x201A, 0x0434, 0x0000, 0x0000, 0x0456, 0x0000, 0x041F, 0x0000,
        0x0000, 0x0441, 0x0000, 0x0000, 0x040A, 0x0000, 0x0000, 0x042C,
        0x0000, 0x0000, 0x044E, 0x0000, 0x0417, 0x0000, 0x0000, 0x0000,
        0x0439, 0x00B7, 0x0402, 0x045B, 0x0000, 0x0424, 0x0000, 0x0000,
        0x0000, 0x0446, 0x0000, 0x040F, 0x0000, 0x0000, 0x0431, 0x0000,
        0x0000, 0x0453, 0x2039, 0x041C, 0x2122, 0x0000, 0x0000, 0x043E,
        0x0000, 0x0407, 0x0000, 0x0000, 0x0429, 0x0000, 0x00A7, 0x0000,
        0x044B, 0x0000, 0x0414, 0x0000, 0x20AC, 0x0436, 0x201C, 0x0000,
        0x0458, 0x0000, 0x0000, 0x0421, 0x0000, 0x0000, 0x0443, 0x0000,
        0x040C, 0x0000, 0x0000, 0x042E, 0x2014, 0x00AC, 0x0000, 0x0000,
        0x0000, 0x0419, 0x0000, 0x0000, 0x043B, 0x2021, 0x0404, 0x0000,
        0x0000, 0x0000, 0x0426, 0x00A4, 0x0000, 0x0448, 0x0000, 0x0411,
        0x0000, 0x0000, 0x0433, 0x2019, 0x00B1, 0x0000, 0x0455, 0x0000,
        0x041E, 0x0000, 0x0000, 0x0440, 0x2026, 0x0409, 0x0000, 0x0000,
        0x0000, 0x042B, 0x00A9, 0x0000, 0x044D, 0x0000, 0x0416, 0x0000,
        0x0000, 0x201E, 0x0438, 0x00B6, 0x0401, 0x045A, 0x0491, 0x0423,
        0x0000, 0x0000, 0x0445, 0x0000, 0x040E, 0x0000, 0x0000, 0x0000,
        0x0430, 0x00AE, 0x0000, 0x0452, 0x0000, 0x041B, 0x0000, 0x0000,
        0x0000, 0x043D, 0x00BB, 0x0406, 0x045F, 0x0000, 0x0428, 0x00A6,
        0x0000, 0x044A, 0x2030, 0x0000, 0x0413, 0x0000, 0x0000, 0x0435,
        0x0000, 0x0000, 0x0457, 0x0000, 0x0420, 0x0000, 0x0000, 0x0000,
        0x0442, 0x0000, 0x040B, 0x0000, 0x0000, 0x042D, 0x2013, 0x00AB,
        0x0000, 0x044F, 0x0000, 0x0418, 0x0000, 0x0000, 0x043A, 0x2020,
        0x0403, 0x045C, 0x0000, 0x0425, 0x0000, 0x0000, 0x0000, 0x0447,
        0x2116, 0x0410, 0x0000, 0x0000, 0x0432, 0x2018, 0x00B0, 0x203A,
        0x0454, 0x0000, 0x041D, 0x0000, 0x0000, 0x043F, 0x0000, 0x0408,
        0x0000, 0x0000, 0x0000, 0x042A, 0x0000, 0x0000, 0x044C, 0x0000,
        0x0415, 0x0000, 0x0000, 0x0437, 0x201D, 0x00B5, 0x0490, 0x0459,
        0x0000, 0x0422, 0x00A0, 0x0000, 0x0444, 0x0000, 0x0000, 0x0000,
        0x0000, 0x0000, 0x042F, 0x00AD, 0x0000, 0x0451, 0x0000, 0x041A,
        0x0000, 0x0000, 0x043C, 0x2022, 0x0405, 0x0000, 0x045E, 0x0000,
        0x0427, 0x0000, 0x0000, 0x0449, 0x0000, 0x0412, 0x0000, 0x0000,
    };
    inline constexpr uint8_t windows1251_bytes[] = {
        0x82, 0xE4, 0x00, 0x00, 0xB3, 0x00, 0xCF, 0x00, 0x00, 0xF1, 0x00, 0x00, 0x8C, 0x00, 0x00, 0xDC,
        0x00, 0x00, 0xFE, 0x00, 0xC7, 0x00, 0x00, 0x00, 0xE9, 0xB7, 0x80, 0x9E, 0x00, 0xD4, 0x00, 0x00,
        0x00, 0xF6, 0x00, 0x8F, 0x00, 0x00, 0xE1, 0x00, 0x00, 0x83, 0x8B, 0xCC, 0x99, 0x00, 0x00, 0xEE,
        0x00, 0xAF, 0x00, 0x00, 0xD9, 0x00, 0xA7, 0x00, 0xFB, 0x00, 0xC4, 0x00, 0x88, 0xE6, 0x93, 0x00,
        0xBC, 0x00, 0x00, 0xD1, 0x00, 0x00, 0xF3, 0x00, 0x8D, 0x00, 0x00, 0xDE, 0x97, 0xAC, 0x00, 0x00,
        0x00, 0xC9, 0x00, 0x00, 0xEB, 0x87, 0xAA, 0x00, 0x00, 0x00, 0xD6, 0xA4, 0x00, 0xF8, 0x00, 0xC1,
        0x00, 0x00, 0xE3, 0x92, 0xB1, 0x00, 0xBE, 0x00, 0xCE, 0x00, 0x00, 0xF0, 0x85, 0x8A, 0x00, 0x00,
        0x00, 0xDB, 0xA9, 0x00, 0xFD, 0x00, 0xC6, 0x00, 0x00, 0x84, 0xE8, 0xB6, 0xA8, 0x9C, 0xB4, 0xD3,
        0x00, 0x00, 0xF5, 0x00, 0xA1, 0x00, 0x00, 0x00, 0xE0, 0xAE, 0x00, 0x90, 0x00, 0xCB, 0x00, 0x00,
        0x00, 0xED, 0xBB, 0xB2, 0x9F, 0x00, 0xD8, 0xA6, 0x00, 0xFA, 0x89, 0x00, 0xC3, 0x00, 0x00, 0xE5,
        0x00, 0x00, 0xBF, 0x00, 0xD0, 0x00, 0x00, 0x00, 0xF2, 0x00, 0x8E, 0x00, 0x00, 0xDD, 0x96, 0xAB,
        0x00, 0xFF, 0x00, 0xC8, 0x00, 0x00, 0xEA, 0x86, 0x81, 0x9D, 0x00, 0xD5, 0x00, 0x00, 0x00, 0xF7,
        0xB9, 0xC0, 0x00, 0x00, 0xE2, 0x91, 0xB0, 0x9B, 0xBA, 0x00, 0xCD, 0x00, 0x00, 0xEF, 0x00, 0xA3,
        0x00, 0x00, 0x00, 0xDA, 0x00, 0x00, 0xFC, 0x00, 0xC5, 0x00, 0x00, 0xE7, 0x94, 0xB5, 0xA5, 0x9A,
        0x00, 0xD2, 0xA0, 0x00, 0xF4, 0x00, 0x00, 0x00, 0x00, 0x00, 0xDF, 0xAD, 0x00, 0xB8, 0x00, 0xCA,
        0x00, 0x00, 0xEC, 0x95, 0xBD, 0x00, 0xA2, 0x00, 0xD7, 0x00, 0x00, 0xF9, 0x00, 0xC2, 0x00, 0x00,
    };

    // windows-1252
    inline constexpr char16_t windows1252_to[] = {
        0x0000, 0x0001, 0x0002, 0x0003, 0x0004, 0x0005, 0x0006, 0x0007,
        0x0008, 0x0009, 0x000A, 0x000B, 0x000C, 0x000D, 0x000E, 0x000F,
        0x0010, 0x0011, 0x0012, 0x0013, 0x0014, 0x0015, 0x0016, 0x0017,
        0x0018, 0x0019, 0x001A, 0x001B, 0x001C, 0x001D, 0x001E, 0x001F,
        0x0020, 0x0021, 0x0022, 0x0023, 0x0024, 0x0025, 0x0026, 0x0027,
        0x0028, 0x0029, 0x002A, 0x002B, 0x002C, 0x002D, 0x002E, 0x002F,
        0x0030, 0x0031, 0x0032, 0x0033, 0x0034, 0x0035, 0x0036, 0x0037,
        0x0038, 0x0039, 0x003A, 0x003B, 0x003C, 0x003D, 0x003E, 0x003F,
        0x0040, 0x0041, 0x0042, 0x0043, 0x0044, 0x0045, 0x0046, 0x0047,
        0x0048, 0x0049, 0x004A, 0x004B, 0x004C, 0x004D, 0x004E, 0x004F,
        0x0050, 0x0051, 0x0052, 0x0053, 0x0054, 0x0055, 0x0056, 0x0057,
        0x0058, 0x0059, 0x005A, 0x005B, 0x005C, 0x005D, 0x005E, 0x005F,
        0x0060, 0x0061, 0x0062, 0x0063, 0x0064, 0x0065, 0x0066, 0x0067,
        0x0068, 0x0069, 0x006A, 0x006B, 0x006C, 0x006D, 0x006E, 0x006F,
        0x0070, 0x0071, 0x0072, 0x0073, 0x0074, 0x0075, 0x0076, 0x0077,
        0x0078, 0x0079, 0x007A, 0x007B, 0x007C, 0x007D, 0x007E, 0x007F,
        0x20AC, 0xFFFD, 0x201A, 0x0192, 0x201E, 0x2026, 0x2020, 0x2021,
        0x02C6, 0x2030, 0x0160, 0x2039, 0x0152, 0xFFFD, 0x017D, 0xFFFD,
        0xFFFD, 0x2018, 0x2019, 0x201C, 0x201D, 0x2022, 0x2013, 0x2014,
        0x02DC, 0x2122, 0x0161, 0x203A, 0x0153, 0xFFFD, 0x017E, 0x0178,
        0x00A0, 0x00A1, 0x00A2, 0x00A3, 0x00A4, 0x00A5, 0x00A6, 0x00A7,
        0x00A8, 0x00A9, 0x00AA, 0x00AB, 0x00AC, 0x00AD, 0x00AE, 0x00AF,
        0x00B0, 0x00B1, 0x00B2, 0x00B3, 0x00B4, 0x00B5, 0x00B6, 0x00B7,
        0x00B8, 0x00B9, 0x00BA, 0x00BB, 0x00BC, 0x00BD, 0x00BE, 0x00BF,
        0x00C0, 0x00C1, 0x00C2, 0x00C3, 0x00C4, 0x00C5, 0x00C6, 0x00C7,
        0x00C8, 0x00C9, 0x00CA, 0x00CB, 0x00CC, 0x00CD, 0x00CE, 0x00CF,
        0x00D0, 0x00D1, 0x00D2, 0x00D3, 0x00D4, 0x00D5, 0x00D6, 0x00D7,
        0x00D8, 0x00D9, 0x00DA, 0x00DB, 0x00DC, 0x00DD, 0x00DE, 0x00DF,
        0x00E0, 0x00E1, 0x00E2, 0x00E3, 0x00E4, 0x00E5, 0x00E6, 0x00E7,
        0x00E8, 0x00E9, 0x00EA, 0x00EB, 0x00EC, 0x00ED, 0x00EE, 0x00EF,
        0x00F0, 0x00F1, 0x00F2, 0x00F3, 0x00F4, 0x00F5, 0x00F6, 0x00F7,
        0x00F8, 0x00F9, 0x00FA, 0x00FB, 0x00FC, 0x00FD, 0x00FE, 0x00FF,
    };
    inline constexpr uint16_t windows1252_keys[] = {
        0x00E9, 0x201A, 0x00B2, 0x0000, 0x0000, 0x00D4, 0x0000, 0x0000,
        0x0000, 0x00F6, 0x0000, 0x00BF, 0x0000, 0x0000, 0x00E1, 0x0000,
        0x00AA, 0x0000, 0x0000, 0x0000, 0x00CC, 0x0000, 0x017E, 0x00EE,
        0x0000, 0x00B7, 0x0000, 0x0000, 0x0000, 0x00D9, 0x0000, 0x00A2,
        0x00FB, 0x0000, 0x00C4, 0x0000, 0x0000, 0x00E6, 0x0000, 0x00AF,
        0x0000, 0x2039, 0x0161, 0x00D1, 0x2122, 0x0000, 0x00F3, 0x0000,
        0x00BC, 0x0000, 0x0000, 0x0000, 0x00DE, 0x0000, 0x00A7, 0x0000,
        0x0000, 0x00C9, 0x0000, 0x0000, 0x00EB, 0x201C, 0x20AC, 0x00B4,
        0x0000, 0x0000, 0x00D6, 0x0000, 0x0000, 0x00F8, 0x0000, 0x00C1,
        0x0000, 0x0000, 0x0000, 0x00E3, 0x2014, 0x00AC, 0x0000, 0x0000,
        0x00CE, 0x0000, 0x0000, 0x0000, 0x00F0, 0x2021, 0x00B9, 0x0000,
        0x0000, 0x00DB, 0x0000, 0x00A4, 0x00FD, 0x0000, 0x00C6, 0x0000,
        0x0000, 0x0178, 0x00E8, 0x2019, 0x00B1, 0x0000, 0x02DC, 0x00D3,
        0x0000, 0x0000, 0x0000, 0x00F5, 0x2026, 0x00BE, 0x0000, 0x0000,
        0x00E0, 0x0000, 0x00A9, 0x0192, 0x0000, 0x00CB, 0x0000, 0x0000,
        0x017D, 0x00ED, 0x201E, 0x00B6, 0x0000, 0x0000, 0x00D8, 0x0000,
        0x00A1, 0x0000, 0x00FA, 0x0153, 0x00C3, 0x0000, 0x0000, 0x00E5,
        0x0000, 0x00AE, 0x0000, 0x0000, 0x0160, 0x00D0, 0x0000, 0x0000,
        0x00F2, 0x0000, 0x00BB, 0x0000, 0x0000, 0x00DD, 0x0000, 0x00A6,
        0x0000, 0x00FF, 0x2030, 0x00C8, 0x0000, 0x0000, 0x00EA, 0x0000,
        0x00B3, 0x0000, 0x0000, 0x0000, 0x00D5, 0x0000, 0x0000, 0x00F7,
        0x0000, 0x00C0, 0x0000, 0x0000, 0x00E2, 0x2013, 0x0000, 0x00AB,
        0x0000, 0x0000, 0x00CD, 0x0000, 0x0000, 0x00EF, 0x2020, 0x00B8,
        0x0000, 0x0000, 0x0000, 0x00DA, 0x0000, 0x00A3, 0x00FC, 0x0000,
        0x00C5, 0x0000, 0x0000, 0x0000, 0x00E7, 0x2018, 0x00B0, 0x203A,
        0x0000, 0x00D2, 0x0000, 0x0000, 0x00F4, 0x02C6, 0x00BD, 0x0000,
        0x0000, 0x0000, 0x00DF, 0x0000, 0x00A8, 0x0000, 0x0000, 0x00CA,
        0x0000, 0x0000, 0x0000, 0x00EC, 0x201D, 0x00B5, 0x0000, 0x0000,
        0x00D7, 0x0000, 0x00A0, 0x00F9, 0x0000, 0x0152, 0x00C2, 0x0000,
        0x0000, 0x00E4, 0x0000, 0x00AD, 0x0000, 0x0000, 0x00CF, 0x0000,
        0x0000, 0x0000, 0x00F1, 0x2022, 0x00BA, 0x0000, 0x0000, 0x00DC,
        0x0000, 0x00A5, 0x0000, 0x00FE, 0x0000, 0x00C7, 0x0000, 0x0000,
    };
    inline constexpr uint8_t windows1252_bytes[] = {
        0xE9, 0x82, 0xB2, 0x00, 0x00, 0xD4, 0x00, 0x00, 0x00, 0xF6, 0x00, 0xBF, 0x00, 0x00, 0xE1, 0x00,
        0xAA, 0x00, 0x00, 0x00, 0xCC, 0x00, 0x9E, 0xEE, 0x00, 0xB7, 0x00, 0x00, 0x00, 0xD9, 0x00, 0xA2,
        0xFB, 0x00, 0xC4, 0x00, 0x00, 0xE6, 0x00, 0xAF, 0x00, 0x8B, 0x9A, 0xD1, 0x99, 0x00, 0xF3, 0x00,
        0xBC, 0x00, 0x00, 0x00, 0xDE, 0x00, 0xA7, 0x00, 0x00, 0xC9, 0x00, 0x00, 0xEB, 0x93, 0x80, 0xB4,
        0x00, 0x00, 0xD6, 0x00, 0x00, 0xF8, 0x00, 0xC1, 0x00, 0x00, 0x00, 0xE3, 0x97, 0xAC, 0x00, 0x00,
        0xCE, 0x00, 0x00, 0x00, 0xF0, 0x87, 0xB9, 0x00, 0x00, 0xDB, 0x00, 0xA4, 0xFD, 0x00, 0xC6, 0x00,
        0x00, 0x9F, 0xE8, 0x92, 0xB1, 0x00, 0x98, 0xD3, 0x00, 0x00, 0x00, 0xF5, 0x85, 0xBE, 0x00, 0x00,
        0xE0, 0x00, 0xA9, 0x83, 0x00, 0xCB, 0x00, 0x00, 0x8E, 0xED, 0x84, 0xB6, 0x00, 0x00, 0xD8, 0x00,
        0xA1, 0x00, 0xFA, 0x9C, 0xC3, 0x00, 0x00, 0xE5, 0x00, 0xAE, 0x00, 0x00, 0x8A, 0xD0, 0x00, 0x00,
        0xF2, 0x00, 0xBB, 0x00, 0x00, 0xDD, 0x00, 0xA6, 0x00, 0xFF, 0x89, 0xC8, 0x00, 0x00, 0xEA, 0x00,
        0xB3, 0x00, 0x00, 0x00, 0xD5, 0x00, 0x00, 0xF7, 0x00, 0xC0, 0x00, 0x00, 0xE2, 0x96, 0x00, 0xAB,
        0x00, 0x00, 0xCD, 0x00, 0x00, 0xEF, 0x86, 0xB8, 0x00, 0x00, 0x00, 0xDA, 0x00, 0xA3, 0xFC, 0x00,
        0xC5, 0x00, 0x00, 0x00, 0xE7, 0x91, 0xB0, 0x9B, 0x00, 0xD2, 0x00, 0x00, 0xF4, 0x88, 0xBD, 0x00,
        0x00, 0x00, 0xDF, 0x00, 0xA8, 0x00, 0x00, 0xCA, 0x00, 0x00, 0x00, 0xEC, 0x94, 0xB5, 0x00, 0x00,
        0xD7, 0x00, 0xA0, 0xF9, 0x00, 0x8C, 0xC2, 0x00, 0x00, 0xE4, 0x00, 0xAD, 0x00, 0x00, 0xCF, 0x00,
        0x00, 0x00, 0xF1, 0x95, 0xBA, 0x00, 0x00, 0xDC, 0x00, 0xA5, 0x00, 0xFE, 0x00, 0xC7, 0x00, 0x00,
    };

    // windows-1253
    inline constexpr char16_t windows1253_to[] = {
        0x0000, 0x0001, 0x0002, 0x0003, 0x0004, 0x0005, 0x0006, 0x0007,
        0x0008, 0x0009, 0x000A, 0x000B, 0x000C, 0x000D, 0x000E, 0x000F,
        0x0010, 0x0011, 0x0012, 0x0013, 0x0014, 0x0015, 0x0016, 0x0017,
        0x0018, 0x0019, 0x001A, 0x001B, 0x001C, 0x001D, 0x001E, 0x001F,
        0x0020, 0x0021, 0x0022, 0x0023, 0x0024, 0x0025, 0x0026, 0x0027,
        0x0028, 0x0029, 0x002A, 0x002B, 0x002C, 0x002D, 0x002E, 0x002F,
        0x0030, 0x0031, 0x0032, 0x0033, 0x0034, 0x0035, 0x0036, 0x0037,
        0x0038, 0x0039, 0x003A, 0x003B, 0x003C, 0x003D, 0x003E, 0x003F,
        0x0040, 0x0041, 0x0042, 0x0043, 0x0044, 0x0045, 0x0046, 0x0047,
        0x0048, 0x0049, 0x004A, 0x004B, 0x004C, 0x004D, 0x004E, 0x004F,
        0x0050, 0x0051, 0x0052, 0x0053, 0x0054, 0x0055, 0x0056, 0x0057,
        0x0058, 0x0059, 0x005A, 0x005B, 0x005C, 0x005D, 0x005E, 0x005F,
        0x0060, 0x0061, 0x0062, 0x0063, 0x0064, 0x0065, 0x0066, 0x0067,
        0x0068, 0x0069, 0x006A, 0x006B, 0x006C, 0x006D, 0x006E, 0x006F,
        0x0070, 0x0071, 0x0072, 0x0073, 0x0074, 0x0075, 0x0076, 0x0077,
        0x0078, 0x0079, 0x007A, 0x007B, 0x007C, 0x007D, 0x007E, 0x007F,
        0x20AC, 0xFFFD, 0x201A, 0x0192, 0x201E, 0x2026, 0x2020, 0x2021,
        0xFFFD, 0x2030, 0xFFFD, 0x2039, 0xFFFD, 0xFFFD, 0xFFFD, 0xFFFD,
        0xFFFD, 0x2018, 0x2019, 0x201C, 0x201D, 0x2022, 0x2013, 0x2014,
        0xFFFD, 0x2122, 0xFFFD, 0x203A, 0xFFFD, 0xFFFD, 0xFFFD, 0xFFFD,
        0x00A0, 0x0385, 0x0386, 0x00A3, 0x00A4, 0x00A5, 0x00A6, 0x00A7,
        0x00A8, 0x00A9, 0xFFFD, 0x00AB, 0x00AC, 0x00AD, 0x00AE, 0x2015,
        0x00B0, 0x00B1, 0x00B2, 0x00B3, 0x0384, 0x00B5, 0x00B6, 0x00B7,
        0x0388, 0x0389, 0x038A, 0x00BB, 0x038C, 0x00BD, 0x038E, 0x038F,
        0x0390, 0x0391, 0x0392, 0x0393, 0x0394, 0x0395, 0x0396, 0x0397,
        0x0398, 0x0399, 0x039A, 0x039B, 0x039C, 0x039D, 0x039E, 0x039F,
        0x03A0, 0x03A1, 0xFFFD, 0x03A3, 0x03A4, 0x03A5, 0x03A6, 0x03A7,
        0x03A8, 0x03A9, 0x03AA, 0x03AB, 0x03AC, 0x03AD, 0x03AE, 0x03AF,
        0x03B0, 0x03B1, 0x03B2, 0x03B3, 0x03B4, 0x03B5, 0x03B6, 0x03B7,
        0x03B8, 0x03B9, 0x03BA, 0x03BB, 0x03BC, 0x03BD, 0x03BE, 0x03BF,
        0x03C0, 0x03C1, 0x03C2, 0x03C3, 0x03C4, 0x03C5, 0x03C6, 0x03C7,
        0x03C8, 0x03C9, 0x03CA, 0x03CB, 0x03CC, 0x03CD, 0x03CE, 0xFFFD,
    };
    inline constexpr uint16_t windows1253_keys[] = {
        0x201A, 0x03A4, 0x00B2, 0x0000, 0x0000, 0x03C6, 0x0000, 0x038F,
        0x0000, 0x0000, 0x03B1, 0x0000, 0x0000, 0x0000, 0x0000, 0x0000,
        0x039C, 0x0000, 0x0000, 0x03BE, 0x0000, 0x0000, 0x0000, 0x0000,
        0x0000, 0x00B7, 0x03A9, 0x0000, 0x03CB, 0x0000, 0x0394, 0x0000,
        0x0000, 0x03B6, 0x0000, 0x0000, 0x0000, 0x0000, 0x0000, 0x03A1,
        0x0000, 0x2039, 0x03C3, 0x2122, 0x038C, 0x0000, 0x0000, 0x0000,
        0x03AE, 0x0000, 0x0000, 0x0000, 0x0000, 0x0399, 0x00A7, 0x0000,
        0x03BB, 0x0000, 0x0000, 0x0384, 0x20AC, 0x201C, 0x03A6, 0x0000,
        0x0000, 0x03C8, 0x0000, 0x0391, 0x0000, 0x0000, 0x0000, 0x03B3,
        0x0000, 0x0000, 0x0000, 0x2014, 0x039E, 0x00AC, 0x0000, 0x0000,
        0x03C0, 0x0000, 0x0389, 0x0000, 0x2021, 0x03AB, 0x0000, 0x0000,
        0x03CD, 0x0000, 0x0396, 0x00A4, 0x0000, 0x0000, 0x03B8, 0x0000,
        0x0000, 0x0000, 0x2019, 0x03A3, 0x00B1, 0x0000, 0x0000, 0x03C5,
        0x0000, 0x038E, 0x0000, 0x2026, 0x03B0, 0x0000, 0x0000, 0x0000,
        0x0000, 0x0000, 0x00A9, 0x0192, 0x039B, 0x03BD, 0x0000, 0x0386,
        0x0000, 0x201E, 0x03A8, 0x00B6, 0x0000, 0x0000, 0x03CA, 0x0000,
        0x0393, 0x0000, 0x0000, 0x03B5, 0x0000, 0x0000, 0x0000, 0x0000,
        0x0000, 0x00AE, 0x03A0, 0x0000, 0x03C2, 0x0000, 0x0000, 0x0000,
        0x0000, 0x03AD, 0x00BB, 0x0000, 0x0000, 0x0000, 0x0000, 0x00A6,
        0x0398, 0x2030, 0x03BA, 0x0000, 0x0000, 0x0000, 0x0000, 0x0000,
        0x00B3, 0x03A5, 0x0000, 0x03C7, 0x0000, 0x0390, 0x0000, 0x0000,
        0x03B2, 0x0000, 0x0000, 0x0000, 0x0000, 0x2013, 0x039D, 0x00AB,
        0x0000, 0x03BF, 0x0000, 0x0388, 0x0000, 0x0000, 0x2020, 0x03AA,
        0x0000, 0x0000, 0x03CC, 0x0000, 0x0395, 0x00A3, 0x0000, 0x0000,
        0x03B7, 0x0000, 0x0000, 0x0000, 0x2018, 0x0000, 0x00B0, 0x203A,
        0x03C4, 0x0000, 0x0000, 0x0000, 0x0000, 0x0000, 0x00BD, 0x03AF,
        0x0000, 0x0000, 0x0000, 0x039A, 0x00A8, 0x0000, 0x0000, 0x03BC,
        0x0000, 0x0385, 0x0000, 0x201D, 0x03A7, 0x00B5, 0x0000, 0x03C9,
        0x0000, 0x0000, 0x00A0, 0x0392, 0x0000, 0x03B4, 0x0000, 0x0000,
        0x0000, 0x2015, 0x039F, 0x00AD, 0x0000, 0x0000, 0x03C1, 0x0000,
        0x038A, 0x0000, 0x2022, 0x03AC, 0x0000, 0x0000, 0x0000, 0x03CE,
        0x0000, 0x00A5, 0x0397, 0x0000, 0x03B9, 0x0000, 0x0000, 0x0000,
    };
    inline constexpr uint8_t windows1253_bytes[] = {
        0x82, 0xD4, 0xB2, 0x00, 0x00, 0xF6, 0x00, 0xBF, 0x00, 0x00, 0xE1, 0x00, 0x00, 0x00, 0x00, 0x00,
        0xCC, 0x00, 0x00, 0xEE, 0x00, 0x00, 0x00, 0x00, 0x00, 0xB7, 0xD9, 0x00, 0xFB, 0x00, 0xC4, 0x00,
        0x00, 0xE6, 0x00, 0x00, 0x00, 0x00, 0x00, 0xD1, 0x00, 0x8B, 0xF3, 0x99, 0xBC, 0x00, 0x00, 0x00,
        0xDE, 0x00, 0x00, 0x00, 0x00, 0xC9, 0xA7, 0x00, 0xEB, 0x00, 0x00, 0xB4, 0x80, 0x93, 0xD6, 0x00,
        0x00, 0xF8, 0x00, 0xC1, 0x00, 0x00, 0x00, 0xE3, 0x00, 0x00, 0x00, 0x97, 0xCE, 0xAC, 0x00, 0x00,
        0xF0, 0x00, 0xB9, 0x00, 0x87, 0xDB, 0x00, 0x00, 0xFD, 0x00, 0xC6, 0xA4, 0x00, 0x00, 0xE8, 0x00,
        0x00, 0x00, 0x92, 0xD3, 0xB1, 0x00, 0x00, 0xF5, 0x00, 0xBE, 0x00, 0x85, 0xE0, 0x00, 0x00, 0x00,
        0x00, 0x00, 0xA9, 0x83, 0xCB, 0xED, 0x00, 0xA2, 0x00, 0x84, 0xD8, 0xB6, 0x00, 0x00, 0xFA, 0x00,
        0xC3, 0x00, 0x00, 0xE5, 0x00, 0x00, 0x00, 0x00, 0x00, 0xAE, 0xD0, 0x00, 0xF2, 0x00, 0x00, 0x00,
        0x00, 0xDD, 0xBB, 0x00, 0x00, 0x00, 0x00, 0xA6, 0xC8, 0x89, 0xEA, 0x00, 0x00, 0x00, 0x00, 0x00,
        0xB3, 0xD5, 0x00, 0xF7, 0x00, 0xC0, 0x00, 0x00, 0xE2, 0x00, 0x00, 0x00, 0x00, 0x96, 0xCD, 0xAB,
        0x00, 0xEF, 0x00, 0xB8, 0x00, 0x00, 0x86, 0xDA, 0x00, 0x00, 0xFC, 0x00, 0xC5, 0xA3, 0x00, 0x00,
        0xE7, 0x00, 0x00, 0x00, 0x91, 0x00, 0xB0, 0x9B, 0xF4, 0x00, 0x00, 0x00, 0x00, 0x00, 0xBD, 0xDF,
        0x00, 0x00, 0x00, 0xCA, 0xA8, 0x00, 0x00, 0xEC, 0x00, 0xA1, 0x00, 0x94, 0xD7, 0xB5, 0x00, 0xF9,
        0x00, 0x00, 0xA0, 0xC2, 0x00, 0xE4, 0x00, 0x00, 0x00, 0xAF, 0xCF, 0xAD, 0x00, 0x00, 0xF1, 0x00,
        0xBA, 0x00, 0x95, 0xDC, 0x00, 0x00, 0x00, 0xFE, 0x00, 0xA5, 0xC7, 0x00, 0xE9, 0x00, 0x00, 0x00,
    };

    // windows-1254
    inline constexpr char16_t windows1254_to[] = {
        0x0000, 0x0001, 0x0002, 0x0003, 0x0004, 0x0005, 0x0006, 0x0007,
        0x0008, 0x0009, 0x000A, 0x000B, 0x000C, 0x000D, 0x000E, 0x000F,
        0x0010, 0x0011, 0x0012, 0x0013, 0x0014, 0x0015, 0x0016, 0x0017,
        0x0018, 0x0019, 0x001A, 0x001B, 0x001C, 0x001D, 0x001E, 0x001F,
        0x0020, 0x0021, 0x0022, 0x0023, 0x0024, 0x0025, 0x0026, 0x0027,
        0x0028, 0x0029, 0x002A, 0x002B, 0x002C, 0x002D, 0x002E, 0x002F,
        0x0030, 0x0031, 0x0032, 0x0033, 0x0034, 0x0035, 0x0036, 0x0037,
        0x0038, 0x0039, 0x003A, 0x003B, 0x003C, 0x003D, 0x003E, 0x003F,
        0x0040, 0x0041, 0x0042, 0x0043, 0x0044, 0x0045, 0x0046, 0x0047,
        0x0048, 0x0049, 0x004A, 0x004B, 0x004C, 0x004D, 0x004E, 0x004F,
        0x0050, 0x0051, 0x0052, 0x0053, 0x0054, 0x0055, 0x0056, 0x0057,
        0x0058, 0x0059, 0x005A, 0x005B, 0x005C, 0x005D, 0x005E, 0x005F,
        0x0060, 0x0061, 0x0062, 0x0063, 0x0064, 0x0065, 0x0066, 0x0067,
        0x0068, 0x0069, 0x006A, 0x006B, 0x006C, 0x006D, 0x006E, 0x006F,
        0x0070, 0x0071, 0x0072, 0x0073, 0x0074, 0x0075, 0x0076, 0x0077,
        0x0078, 0x0079, 0x007A, 0x007B, 0x007C, 0x007D, 0x007E, 0x007F,
        0x20AC, 0xFFFD, 0x201A, 0x0192, 0x201E, 0x2026, 0x2020, 0x2021,
        0x02C6, 0x2030, 0x0160, 0x2039, 0x0152, 0xFFFD, 0xFFFD, 0xFFFD,
        0xFFFD, 0x2018, 0x2019, 0x201C, 0x201D, 0x2022, 0x2013, 0x2014,
        0x02DC, 0x2122, 0x0161, 0x203A, 0x0153, 0xFFFD, 0xFFFD, 0x0178,
        0x00A0, 0x00A1, 0x00A2, 0x00A3, 0x00A4, 0x00A5, 0x00A6, 0x00A7,
        0x00A8, 0x00A9, 0x00AA, 0x00AB, 0x00AC, 0x00AD, 0x00AE, 0x00AF,
        0x00B0, 0x00B1, 0x00B2, 0x00B3, 0x00B4, 0x00B5, 0x00B6, 0x00B7,
        0x00B8, 0x00B9, 0x00BA, 0x00BB, 0x00BC, 0x00BD, 0x00BE, 0x00BF,
        0x00C0, 0x00C1, 0x00C2, 0x00C3, 0x00C4, 0x00C5, 0x00C6, 0x00C7,
        0x00C8, 0x00C9, 0x00CA, 0x00CB, 0x00CC, 0x00CD, 0x00CE, 0x00CF,
        0x011E, 0x00D1, 0x00D2, 0x00D3, 0x00D4, 0x00D5, 0x00D6, 0x00D7,
        0x00D8, 0x00D9, 0x00DA, 0x00DB, 0x00DC, 0x0130, 0x015E, 0x00DF,
        0x00E0, 0x00E1, 0x00E2, 0x00E3, 0x00E4, 0x00E5, 0x00E6, 0x00E7,
        0x00E8, 0x00E9, 0x00EA, 0x00EB, 0x00EC, 0x00ED, 0x00EE, 0x00EF,
        0x011F, 0x00F1, 0x00F2, 0x00F3, 0x00F4, 0x00F5, 0x00F6, 0x00F7,
        0x00F8, 0x00F9, 0x00FA, 0x00FB, 0x00FC, 0x0131, 0x015F, 0x00FF,
    };
    inline constexpr uint16_t windows1254_keys[] = {
        0x00E9, 0x201A, 0x00B2, 0x0000, 0x0000, 0x00D4, 0x0000, 0x0000,
        0x0000, 0x00F6, 0x0000, 0x00BF, 0x0000, 0x0000, 0x00E1, 0x0000,
        0x00AA, 0x0000, 0x0000, 0x0000, 0x00CC, 0x0000, 0x0000, 0x00EE,
        0x0000, 0x00B7, 0x0000, 0x0000, 0x0000, 0x00D9, 0x0000, 0x00A2,
        0x00FB, 0x0000, 0x00C4, 0x0000, 0x0000, 0x00E6, 0x0000, 0x00AF,
        0x0000, 0x2039, 0x0161, 0x00D1, 0x2122, 0x0000, 0x00F3, 0x0000,
        0x00BC, 0x0000, 0x0000, 0x0000, 0x0000, 0x0000, 0x00A7, 0x0000,
        0x0000, 0x00C9, 0x0000, 0x0000, 0x00EB, 0x201C, 0x20AC, 0x00B4,
        0x0000, 0x0000, 0x00D6, 0x0000, 0x0000, 0x00F8, 0x0000, 0x00C1,
        0x0000, 0x0000, 0x0000, 0x00E3, 0x2014, 0x00AC, 0x0000, 0x015E,
        0x00CE, 0x0000, 0x0000, 0x0000, 0x2021, 0x0000, 0x00B9, 0x0000,
        0x0000, 0x00DB, 0x0000, 0x00A4, 0x0000, 0x0000, 0x00C6, 0x0000,
        0x011F, 0x0178, 0x00E8, 0x2019, 0x00B1, 0x0000, 0x02DC, 0x00D3,
        0x0000, 0x0000, 0x0000, 0x00F5, 0x2026, 0x00BE, 0x0000, 0x0000,
        0x00E0, 0x0000, 0x00A9, 0x0192, 0x0000, 0x00CB, 0x0000, 0x0000,
        0x0000, 0x00ED, 0x201E, 0x00B6, 0x0000, 0x0000, 0x00D8, 0x0000,
        0x00A1, 0x0131, 0x00FA, 0x0153, 0x00C3, 0x0000, 0x0000, 0x00E5,
        0x0000, 0x00AE, 0x0000, 0x0000, 0x0160, 0x0000, 0x0000, 0x0000,
        0x00F2, 0x0000, 0x00BB, 0x0000, 0x0000, 0x0000, 0x0000, 0x00A6,
        0x0000, 0x00FF, 0x2030, 0x00C8, 0x0000, 0x0000, 0x00EA, 0x0000,
        0x00B3, 0x0000, 0x0000, 0x0000, 0x00D5, 0x0000, 0x0000, 0x00F7,
        0x0000, 0x00C0, 0x0000, 0x0000, 0x00E2, 0x2013, 0x0000, 0x00AB,
        0x0000, 0x0000, 0x00CD, 0x0000, 0x0000, 0x00EF, 0x2020, 0x00B8,
        0x0000, 0x0000, 0x0000, 0x00DA, 0x0000, 0x00A3, 0x00FC, 0x0000,
        0x00C5, 0x011E, 0x0000, 0x0000, 0x00E7, 0x2018, 0x00B0, 0x203A,
        0x0000, 0x00D2, 0x0000, 0x0000, 0x00F4, 0x02C6, 0x00BD, 0x0000,
        0x0000, 0x0000, 0x00DF, 0x0000, 0x00A8, 0x0000, 0x0000, 0x00CA,
        0x0000, 0x0000, 0x0000, 0x00EC, 0x201D, 0x00B5, 0x0000, 0x0000,
        0x00D7, 0x0130, 0x00A0, 0x00F9, 0x0000, 0x0152, 0x00C2, 0x0000,
        0x0000, 0x00E4, 0x0000, 0x00AD, 0x0000, 0x0000, 0x00CF, 0x015F,
        0x0000, 0x0000, 0x00F1, 0x2022, 0x00BA, 0x0000, 0x0000, 0x00DC,
        0x0000, 0x00A5, 0x0000, 0x0000, 0x0000, 0x00C7, 0x0000, 0x0000,
    };
    inline constexpr uint8_t windows1254_bytes[] = {
        0xE9, 0x82, 0xB2, 0x00, 0x00, 0xD4, 0x00, 0x00, 0x00, 0xF6, 0x00, 0xBF, 0x00, 0x00, 0xE1, 0x00,
        0xAA, 0x00, 0x00, 0x00, 0xCC, 0x00, 0x00, 0xEE, 0x00, 0xB7, 0x00, 0x00, 0x00, 0xD9, 0x00, 0xA2,
        0xFB, 0x00, 0xC4, 0x00, 0x00, 0xE6, 0x00, 0xAF, 0x00, 0x8B, 0x9A, 0xD1, 0x99, 0x00, 0xF3, 0x00,
        0xBC, 0x00, 0x00, 0x00, 0x00, 0x00, 0xA7, 0x00, 0x00, 0xC9, 0x00, 0x00, 0xEB, 0x93, 0x80, 0xB4,
        0x00, 0x00, 0xD6, 0x00, 0x00, 0xF8, 0x00, 0xC1, 0x00, 0x00, 0x00, 0xE3, 0x97, 0xAC, 0x00, 0xDE,
        0xCE, 0x00, 0x00, 0x00, 0x87, 0x00, 0xB9, 0x00, 0x00, 0xDB, 0x00, 0xA4, 0x00, 0x00, 0xC6, 0x00,
        0xF0, 0x9F, 0xE8, 0x92, 0xB1, 0x00, 0x98, 0xD3, 0x00, 0x00, 0x00, 0xF5, 0x85, 0xBE, 0x00, 0x00,
        0xE0, 0x00, 0xA9, 0x83, 0x00, 0xCB, 0x00, 0x00, 0x00, 0xED, 0x84, 0xB6, 0x00, 0x00, 0xD8, 0x00,
        0xA1, 0xFD, 0xFA, 0x9C, 0xC3, 0x00, 0x00, 0xE5, 0x00, 0xAE, 0x00, 0x00, 0x8A, 0x00, 0x00, 0x00,
        0xF2, 0x00, 0xBB, 0x00, 0x00, 0x00, 0x00, 0xA6, 0x00, 0xFF, 0x89, 0xC8, 0x00, 0x00, 0xEA, 0x00,
        0xB3, 0x00, 0x00, 0x00, 0xD5, 0x00, 0x00, 0xF7, 0x00, 0xC0, 0x00, 0x00, 0xE2, 0x96, 0x00, 0xAB,
        0x00, 0x00, 0xCD, 0x00, 0x00, 0xEF, 0x86, 0xB8, 0x00, 0x00, 0x00, 0xDA, 0x00, 0xA3, 0xFC, 0x00,
        0xC5, 0xD0, 0x00, 0x00, 0xE7, 0x91, 0xB0, 0x9B, 0x00, 0xD2, 0x00, 0x00, 0xF4, 0x88, 0xBD, 0x00,
        0x00, 0x00, 0xDF, 0x00, 0xA8, 0x00, 0x00, 0xCA, 0x00, 0x00, 0x00, 0xEC, 0x94, 0xB5, 0x00, 0x00,
        0xD7, 0xDD, 0xA0, 0xF9, 0x00, 0x8C, 0xC2, 0x00, 0x00, 0xE4, 0x00, 0xAD, 0x00, 0x00, 0xCF, 0xFE,
        0x00, 0x00, 0xF1, 0x95, 0xBA, 0x00, 0x00, 0xDC, 0x00, 0xA5, 0x00, 0x00, 0x00, 0xC7, 0x00, 0x00,
    };

    // windows-1255
    inline constexpr char16_t windows1255_to[] = {
        0x0000, 0x0001, 0x0002, 0x0003, 0x0004, 0x0005, 0x0006, 0x0007,
        0x0008, 0x0009, 0x000A, 0x000B, 0x000C, 0x000D, 0x000E, 0x000F,
        0x0010, 0x0011, 0x0012, 0x0013, 0x0014, 0x0015, 0x0016, 0x0017,
        0x0018, 0x0019, 0x001A, 0x001B, 0x001C, 0x001D, 0x001E, 0x001F,
        0x0020, 0x0021, 0x0022, 0x0023, 0x0024, 0x0025, 0x0026, 0x0027,
        0x0028, 0x0029, 0x002A, 0x002B, 0x002C, 0x002D, 0x002E, 0x002F,
        0x0030, 0x0031, 0x0032, 0x0033, 0x0034, 0x0035, 0x0036, 0x0037,
        0x0038, 0x0039, 0x003A, 0x003B, 0x003C, 0x003D, 0x003E, 0x003F,
        0x0040, 0x0041, 0x0042, 0x0043, 0x0044, 0x0045, 0x0046, 0x0047,
        0x0048, 0x0049, 0x004A, 0x004B, 0x004C, 0x004D, 0x004E, 0x004F,
        0x0050, 0x0051, 0x0052, 0x0053, 0x0054, 0x0055, 0x0056, 0x0057,
        0x0058, 0x0059, 0x005A, 0x005B, 0x005C, 0x005D, 0x005E, 0x005F,
        0x0060, 0x0061, 0x0062, 0x0063, 0x0064, 0x0065, 0x0066, 0x0067,
        0x0068, 0x0069, 0x006A, 0x006B, 0x006C, 0x006D, 0x006E, 0x006F,
        0x0070, 0x0071, 0x0072, 0x0073, 0x0074, 0x0075, 0x0076, 0x0077,
        0x0078, 0x0079, 0x007A, 0x007B, 0x007C, 0x007D, 0x007E, 0x007F,
        0x20AC, 0xFFFD, 0x201A, 0x0192, 0x201E, 0x2026, 0x2020, 0x2021,
        0x02C6, 0x2030, 0xFFFD, 0x2039, 0xFFFD, 0xFFFD, 0xFFFD, 0xFFFD,
        0xFFFD, 0x2018, 0x2019, 0x201C, 0x201D, 0x2022, 0x2013, 0x2014,
        0x02DC, 0x2122, 0xFFFD, 0x203A, 0xFFFD, 0xFFFD, 0xFFFD, 0xFFFD,
        0x00A0, 0x00A1, 0x00A2, 0x00A3, 0x20AA, 0x00A5, 0x00A6, 0x00A7,
        0x00A8, 0x00A9, 0x00D7, 0x00AB, 0x00AC, 0x00AD, 0x00AE, 0x00AF,
        0x00B0, 0x00B1, 0x00B2, 0x00B3, 0x00B4, 0x00B5, 0x00B6, 0x00B7,
        0x00B8, 0x00B9, 0x00F7, 0x00BB, 0x00BC, 0x00BD, 0x00BE, 0x00BF,
        0x05B0, 0x05B1, 0x05B2, 0x05B3, 0x05B4, 0x05B5, 0x05B6, 0x05B7,
        0x05B8, 0x05B9, 0xFFFD, 0x05BB, 0x05BC, 0x05BD, 0x05BE, 0x05BF,
        0x05C0, 0x05C1, 0x05C2, 0x05C3, 0x05F0, 0x05F1, 0x05F2, 0x05F3,
        0x05F4, 0xFFFD, 0xFFFD, 0xFFFD, 0xFFFD, 0xFFFD, 0xFFFD, 0xFFFD,
        0x05D0, 0x05D1, 0x05D2, 0x05D3, 0x05D4, 0x05D5, 0x05D6, 0x05D7,
        0x05D8, 0x05D9, 0x05DA, 0x05DB, 0x05DC, 0x05DD, 0x05DE, 0x05DF,
        0x05E0, 0x05E1, 0x05E2, 0x05E3, 0x05E4, 0x05E5, 0x05E6, 0x05E7,
        0x05E8, 0x05E9, 0x05EA, 0xFFFD, 0xFFFD, 0x200E, 0x200F, 0xFFFD,
    };
    inline constexpr uint16_t windows1255_keys[] = {
        0x201A, 0x20AA, 0x00B2, 0x0000, 0x0000, 0x0000, 0x0000, 0x05F1,
        0x0000, 0x0000, 0x0000, 0x00BF, 0x0000, 0x05DC, 0x0000, 0x0000,
        0x0000, 0x0000, 0x0000, 0x0000, 0x0000, 0x05E9, 0x0000, 0x05B2,
        0x0000, 0x00B7, 0x0000, 0x05D4, 0x0000, 0x0000, 0x0000, 0x00A2,
        0x05BF, 0x0000, 0x0000, 0x0000, 0x05E1, 0x0000, 0x0000, 0x00AF,
        0x0000, 0x2039, 0x2122, 0x0000, 0x0000, 0x0000, 0x0000, 0x05B7,
        0x00BC, 0x0000, 0x05D9, 0x0000, 0x200F, 0x0000, 0x00A7, 0x0000,
        0x0000, 0x0000, 0x0000, 0x05E6, 0x20AC, 0x201C, 0x0000, 0x00B4,
        0x05D1, 0x0000, 0x0000, 0x0000, 0x05F3, 0x0000, 0x05BC, 0x0000,
        0x0000, 0x05DE, 0x0000, 0x2014, 0x0000, 0x00AC, 0x0000, 0x0000,
        0x0000, 0x0000, 0x0000, 0x0000, 0x05B4, 0x2021, 0x00B9, 0x05D6,
        0x0000, 0x0000, 0x0000, 0x0000, 0x0000, 0x05C1, 0x0000, 0x0000,
        0x05E3, 0x0000, 0x2019, 0x0000, 0x00B1, 0x0000, 0x02DC, 0x0000,
        0x0000, 0x05F0, 0x0000, 0x05B9, 0x2026, 0x00BE, 0x05DB, 0x0000,
        0x0000, 0x0000, 0x00A9, 0x0192, 0x0000, 0x0000, 0x0000, 0x05E8,
        0x0000, 0x05B1, 0x201E, 0x00B6, 0x0000, 0x05D3, 0x0000, 0x0000,
        0x00A1, 0x0000, 0x05BE, 0x0000, 0x0000, 0x05E0, 0x0000, 0x0000,
        0x0000, 0x00AE, 0x0000, 0x0000, 0x0000, 0x0000, 0x0000, 0x0000,
        0x05B6, 0x0000, 0x00BB, 0x0000, 0x05D8, 0x0000, 0x200E, 0x00A6,
        0x0000, 0x05C3, 0x2030, 0x0000, 0x0000, 0x05E5, 0x0000, 0x0000,
        0x00B3, 0x0000, 0x05D0, 0x0000, 0x0000, 0x05F2, 0x0000, 0x00F7,
        0x05BB, 0x0000, 0x0000, 0x05DD, 0x0000, 0x2013, 0x0000, 0x00AB,
        0x0000, 0x0000, 0x0000, 0x0000, 0x05EA, 0x0000, 0x05B3, 0x00B8,
        0x2020, 0x05D5, 0x0000, 0x0000, 0x0000, 0x00A3, 0x05C0, 0x0000,
        0x0000, 0x0000, 0x05E2, 0x0000, 0x2018, 0x0000, 0x00B0, 0x203A,
        0x0000, 0x0000, 0x0000, 0x0000, 0x0000, 0x02C6, 0x00BD, 0x05B8,
        0x05DA, 0x0000, 0x0000, 0x0000, 0x00A8, 0x0000, 0x0000, 0x0000,
        0x0000, 0x05E7, 0x0000, 0x05B0, 0x201D, 0x00B5, 0x05D2, 0x0000,
        0x00D7, 0x0000, 0x00A0, 0x05F4, 0x05BD, 0x0000, 0x0000, 0x05DF,
        0x0000, 0x0000, 0x0000, 0x00AD, 0x0000, 0x0000, 0x0000, 0x0000,
        0x0000, 0x0000, 0x05B5, 0x2022, 0x0000, 0x05D7, 0x0000, 0x0000,
        0x0000, 0x00A5, 0x0000, 0x05C2, 0x0000, 0x0000, 0x05E4, 0x0000,
    };
    inline constexpr uint8_t windows1255_bytes[] = {
        0x82, 0xA4, 0xB2, 0x00, 0x00, 0x00, 0x00, 0xD5, 0x00, 0x00, 0x00, 0xBF, 0x00, 0xEC, 0x00, 0x00,
        0x00, 0x00, 0x00, 0x00, 0x00, 0xF9, 0x00, 0xC2, 0x00, 0xB7, 0x00, 0xE4, 0x00, 0x00, 0x00, 0xA2,
        0xCF, 0x00, 0x00, 0x00, 0xF1, 0x00, 0x00, 0xAF, 0x00, 0x8B, 0x99, 0x00, 0x00, 0x00, 0x00, 0xC7,
        0xBC, 0x00, 0xE9, 0x00, 0xFE, 0x00, 0xA7, 0x00, 0x00, 0x00, 0x00, 0xF6, 0x80, 0x93, 0x00, 0xB4,
        0xE1, 0x00, 0x00, 0x00, 0xD7, 0x00, 0xCC, 0x00, 0x00, 0xEE, 0x00, 0x97, 0x00, 0xAC, 0x00, 0x00,
        0x00, 0x00, 0x00, 0x00, 0xC4, 0x87, 0xB9, 0xE6, 0x00, 0x00, 0x00, 0x00, 0x00, 0xD1, 0x00, 0x00,
        0xF3, 0x00, 0x92, 0x00, 0xB1, 0x00, 0x98, 0x00, 0x00, 0xD4, 0x00, 0xC9, 0x85, 0xBE, 0xEB, 0x00,
        0x00, 0x00, 0xA9, 0x83, 0x00, 0x00, 0x00, 0xF8, 0x00, 0xC1, 0x84, 0xB6, 0x00, 0xE3, 0x00, 0x00,
        0xA1, 0x00, 0xCE, 0x00, 0x00, 0xF0, 0x00, 0x00, 0x00, 0xAE, 0x00, 0x00, 0x00, 0x00, 0x00, 0x00,
        0xC6, 0x00, 0xBB, 0x00, 0xE8, 0x00, 0xFD, 0xA6, 0x00, 0xD3, 0x89, 0x00, 0x00, 0xF5, 0x00, 0x00,
        0xB3, 0x00, 0xE0, 0x00, 0x00, 0xD6, 0x00, 0xBA, 0xCB, 0x00, 0x00, 0xED, 0x00, 0x96, 0x00, 0xAB,
        0x00, 0x00, 0x00, 0x00, 0xFA, 0x00, 0xC3, 0xB8, 0x86, 0xE5, 0x00, 0x00, 0x00, 0xA3, 0xD0, 0x00,
        0x00, 0x00, 0xF2, 0x00, 0x91, 0x00, 0xB0, 0x9B, 0x00, 0x00, 0x00, 0x00, 0x00, 0x88, 0xBD, 0xC8,
        0xEA, 0x00, 0x00, 0x00, 0xA8, 0x00, 0x00, 0x00, 0x00, 0xF7, 0x00, 0xC0, 0x94, 0xB5, 0xE2, 0x00,
        0xAA, 0x00, 0xA0, 0xD8, 0xCD, 0x00, 0x00, 0xEF, 0x00, 0x00, 0x00, 0xAD, 0x00, 0x00, 0x00, 0x00,
        0x00, 0x00, 0xC5, 0x95, 0x00, 0xE7, 0x00, 0x00, 0x00, 0xA5, 0x00, 0xD2, 0x00, 0x00, 0xF4, 0x00,
    };

    // windows-1256
    inline constexpr char16_t windows1256_to[] = {
        0x0000, 0x0001, 0x0002, 0x0003, 0x0004, 0x0005, 0x0006, 0x0007,
        0x0008, 0x0009, 0x000A, 0x000B, 0x000C, 0x000D, 0x000E, 0x000F,
        0x0010, 0x0011, 0x0012, 0x0013, 0x0014, 0x0015, 0x0016, 0x0017,
        0x0018, 0x0019, 0x001A, 0x001B, 0x001C, 0x001D, 0x001E, 0x001F,
        0x0020, 0x0021, 0x0022, 0x0023, 0x0024, 0x0025, 0x0026, 0x0027,
        0x0028, 0x0029, 0x002A, 0x002B, 0x002C, 0x002D, 0x002E, 0x002F,
        0x0030, 0x0031, 0x0032, 0x0033, 0x0034, 0x0035, 0x0036, 0x0037,
        0x0038, 0x0039, 0x003A, 0x003B, 0x003C, 0x003D, 0x003E, 0x003F,
        0x0040, 0x0041, 0x0042, 0x0043, 0x0044, 0x0045, 0x0046, 0x0047,
        0x0048, 0x0049, 0x004A, 0x004B, 0x004C, 0x004D, 0x004E, 0x004F,
        0x0050, 0x0051, 0x0052, 0x0053, 0x0054, 0x0055, 0x0056, 0x0057,
        0x0058, 0x0059, 0x005A, 0x005B, 0x005C, 0x005D, 0x005E, 0x005F,
        0x0060, 0x0061, 0x0062, 0x0063, 0x0064, 0x0065, 0x0066, 0x0067,
        0x0068, 0x0069, 0x006A, 0x006B, 0x006C, 0x006D, 0x006E, 0x006F,
        0x0070, 0x0071, 0x0072, 0x0073, 0x0074, 0x0075, 0x0076, 0x0077,
        0x0078, 0x0079, 0x007A, 0x007B, 0x007C, 0x007D, 0x007E, 0x007F,
        0x20AC, 0x067E, 0x201A, 0x0192, 0x201E, 0x2026, 0x2020, 0x2021,
        0x02C6, 0x2030, 0x0679, 0x2039, 0x0152, 0x0686, 0x0698, 0x0688,
        0x06AF, 0x2018, 0x2019, 0x201C, 0x201D, 0x2022, 0x2013, 0x2014,
        0x06A9, 0x2122, 0x0691, 0x203A, 0x0153, 0x200C, 0x200D, 0x06BA,
        0x00A0, 0x060C, 0x00A2, 0x00A3, 0x00A4, 0x00A5, 0x00A6, 0x00A7,
        0x00A8, 0x00A9, 0x06BE, 0x00AB, 0x00AC, 0x00AD, 0x00AE, 0x00AF,
        0x00B0, 0x00B1, 0x00B2, 0x00B3, 0x00B4, 0x00B5, 0x00B6, 0x00B7,
        0x00B8, 0x00B9, 0x061B, 0x00BB, 0x00BC, 0x00BD, 0x00BE, 0x061F,
        0x06C1, 0x0621, 0x0622, 0x0623, 0x0624, 0x0625, 0x0626, 0x0627,
        0x0628, 0x0629, 0x062A, 0x062B, 0x062C, 0x062D, 0x062E, 0x062F,
        0x0630, 0x0631, 0x0632, 0x0633, 0x0634, 0x0635, 0x0636, 0x00D7,
        0x0637, 0x0638, 0x0639, 0x063A, 0x0640, 0x0641, 0x0642, 0x0643,
        0x00E0, 0x0644, 0x00E2, 0x0645, 0x0646, 0x0647, 0x0648, 0x00E7,
        0x00E8, 0x00E9, 0x00EA, 0x00EB, 0x0649, 0x064A, 0x00EE, 0x00EF,
        0x064B, 0x064C, 0x064D, 0x064E, 0x00F4, 0x064F, 0x0650, 0x00F7,
        0x0651, 0x00F9, 0x0652, 0x00FB, 0x00FC, 0x200E, 0x200F, 0x06D2,
    };
    inline constexpr uint16_t windows1256_keys[] = {
        0x00E9, 0x201A, 0x00B2, 0x0000, 0x0000, 0x0628, 0x0000, 0x0000,
        0x064A, 0x0000, 0x0000, 0x0000, 0x0000, 0x0000, 0x0635, 0x0000,
        0x0000, 0x0000, 0x0000, 0x0000, 0x0000, 0x0679, 0x06D2, 0x00EE,
        0x0642, 0x00B7, 0x0000, 0x0000, 0x062D, 0x0686, 0x0000, 0x00A2,
        0x00FB, 0x064F, 0x0000, 0x0000, 0x0000, 0x063A, 0x0000, 0x00AF,
        0x0000, 0x2039, 0x0625, 0x2122, 0x067E, 0x0000, 0x0647, 0x0000,
        0x00BC, 0x0000, 0x0000, 0x0632, 0x200F, 0x0000, 0x00A7, 0x0000,
        0x0000, 0x0000, 0x0000, 0x0000, 0x00EB, 0x0698, 0x201C, 0x00B4,
        0x20AC, 0x062A, 0x06BA, 0x0000, 0x0000, 0x064C, 0x0000, 0x0000,
        0x0000, 0x0000, 0x0637, 0x2014, 0x0000, 0x00AC, 0x0000, 0x0000,
        0x0622, 0x0000, 0x0000, 0x0644, 0x2021, 0x0000, 0x00B9, 0x0000,
        0x0000, 0x062F, 0x0688, 0x00A4, 0x0651, 0x200C, 0x0000, 0x0000,
        0x0000, 0x0000, 0x00E8, 0x2019, 0x00B1, 0x0000, 0x0000, 0x0627,
        0x0000, 0x0000, 0x0649, 0x2026, 0x0000, 0x00BE, 0x0000, 0x0000,
        0x00E0, 0x0634, 0x00A9, 0x0192, 0x06AF, 0x061F, 0x0000, 0x0000,
        0x0641, 0x201E, 0x0000, 0x00B6, 0x0000, 0x0000, 0x062C, 0x0000,
        0x0000, 0x064E, 0x0000, 0x0153, 0x0000, 0x0000, 0x0000, 0x0639,
        0x0000, 0x00AE, 0x0000, 0x0000, 0x0624, 0x0000, 0x0000, 0x0000,
        0x0646, 0x0000, 0x00BB, 0x0000, 0x06C1, 0x0631, 0x200E, 0x00A6,
        0x0000, 0x2030, 0x0000, 0x0000, 0x0000, 0x0000, 0x00EA, 0x0000,
        0x00B3, 0x0000, 0x0000, 0x0629, 0x0000, 0x0000, 0x0000, 0x00F7,
        0x064B, 0x0000, 0x0000, 0x0000, 0x00E2, 0x0636, 0x2013, 0x00AB,
        0x0000, 0x0000, 0x0621, 0x0000, 0x0000, 0x00EF, 0x0643, 0x00B8,
        0x060C, 0x2020, 0x062E, 0x06BE, 0x0000, 0x00A3, 0x00FC, 0x0650,
        0x06A9, 0x0000, 0x0000, 0x0000, 0x00E7, 0x2018, 0x00B0, 0x203A,
        0x0000, 0x0626, 0x0000, 0x0000, 0x00F4, 0x02C6, 0x00BD, 0x0648,
        0x0000, 0x0633, 0x0000, 0x0000, 0x00A8, 0x0000, 0x0000, 0x0000,
        0x0000, 0x0000, 0x0640, 0x201D, 0x0000, 0x00B5, 0x0000, 0x0000,
        0x00D7, 0x062B, 0x00A0, 0x00F9, 0x064D, 0x0152, 0x0000, 0x0000,
        0x0638, 0x0000, 0x0691, 0x00AD, 0x0000, 0x0000, 0x0623, 0x0000,
        0x0000, 0x0645, 0x2022, 0x0000, 0x0000, 0x0000, 0x0000, 0x0630,
        0x200D, 0x00A5, 0x0652, 0x0000, 0x061B, 0x0000, 0x0000, 0x0000,
    };
    inline constexpr uint8_t windows1256_bytes[] = {
        0xE9, 0x82, 0xB2, 0x00, 0x00, 0xC8, 0x00, 0x00, 0xED, 0x00, 0x00, 0x00, 0x00, 0x00, 0xD5, 0x00,
        0x00, 0x00, 0x00, 0x00, 0x00, 0x8A, 0xFF, 0xEE, 0xDE, 0xB7, 0x00, 0x00, 0xCD, 0x8D, 0x00, 0xA2,
        0xFB, 0xF5, 0x00, 0x00, 0x00, 0xDB, 0x00, 0xAF, 0x00, 0x8B, 0xC5, 0x99, 0x81, 0x00, 0xE5, 0x00,
        0xBC, 0x00, 0x00, 0xD2, 0xFE, 0x00, 0xA7, 0x00, 0x00, 0x00, 0x00, 0x00, 0xEB, 0x8E, 0x93, 0xB4,
        0x80, 0xCA, 0x9F, 0x00, 0x00, 0xF1, 0x00, 0x00, 0x00, 0x00, 0xD8, 0x97, 0x00, 0xAC, 0x00, 0x00,
        0xC2, 0x00, 0x00, 0xE1, 0x87, 0x00, 0xB9, 0x00, 0x00, 0xCF, 0x8F, 0xA4, 0xF8, 0x9D, 0x00, 0x00,
        0x00, 0x00, 0xE8, 0x92, 0xB1, 0x00, 0x00, 0xC7, 0x00, 0x00, 0xEC, 0x85, 0x00, 0xBE, 0x00, 0x00,
        0xE0, 0xD4, 0xA9, 0x83, 0x90, 0xBF, 0x00, 0x00, 0xDD, 0x84, 0x00, 0xB6, 0x00, 0x00, 0xCC, 0x00,
        0x00, 0xF3, 0x00, 0x9C, 0x00, 0x00, 0x00, 0xDA, 0x00, 0xAE, 0x00, 0x00, 0xC4, 0x00, 0x00, 0x00,
        0xE4, 0x00, 0xBB, 0x00, 0xC0, 0xD1, 0xFD, 0xA6, 0x00, 0x89, 0x00, 0x00, 0x00, 0x00, 0xEA, 0x00,
        0xB3, 0x00, 0x00, 0xC9, 0x00, 0x00, 0x00, 0xF7, 0xF0, 0x00, 0x00, 0x00, 0xE2, 0xD6, 0x96, 0xAB,
        0x00, 0x00, 0xC1, 0x00, 0x00, 0xEF, 0xDF, 0xB8, 0xA1, 0x86, 0xCE, 0xAA, 0x00, 0xA3, 0xFC, 0xF6,
        0x98, 0x00, 0x00, 0x00, 0xE7, 0x91, 0xB0, 0x9B, 0x00, 0xC6, 0x00, 0x00, 0xF4, 0x88, 0xBD, 0xE6,
        0x00, 0xD3, 0x00, 0x00, 0xA8, 0x00, 0x00, 0x00, 0x00, 0x00, 0xDC, 0x94, 0x00, 0xB5, 0x00, 0x00,
        0xD7, 0xCB, 0xA0, 0xF9, 0xF2, 0x8C, 0x00, 0x00, 0xD9, 0x00, 0x9A, 0xAD, 0x00, 0x00, 0xC3, 0x00,
        0x00, 0xE3, 0x95, 0x00, 0x00, 0x00, 0x00, 0xD0, 0x9E, 0xA5, 0xFA, 0x00, 0xBA, 0x00, 0x00, 0x00,
    };

    // windows-1257
    inline constexpr char16_t windows1257_to[] = {
        0x0000, 0x0001, 0x0002, 0x0003, 0x0004, 0x0005, 0x0006, 0x0007,
        0x0008, 0x0009, 0x000A, 0x000B, 0x000C, 0x000D, 0x000E, 0x000F,
        0x0010, 0x0011, 0x0012, 0x0013, 0x0014, 0x0015, 0x0016, 0x0017,
        0x0018, 0x0019, 0x001A, 0x001B, 0x001C, 0x001D, 0x001E, 0x001F,
        0x0020, 0x0021, 0x0022, 0x0023, 0x0024, 0x0025, 0x0026, 0x0027,
        0x0028, 0x0029, 0x002A, 0x002B, 0x002C, 0x002D, 0x002E, 0x002F,
        0x0030, 0x0031, 0x0032, 0x0033, 0x0034, 0x0035, 0x0036, 0x0037,
        0x0038, 0x0039, 0x003A, 0x003B, 0x003C, 0x003D, 0x003E, 0x003F,
        0x0040, 0x0041, 0x0042, 0x0043, 0x0044, 0x0045, 0x0046, 0x0047,
        0x0048, 0x0049, 0x004A, 0x004B, 0x004C, 0x004D, 0x004E, 0x004F,
        0x0050, 0x0051, 0x0052, 0x0053, 0x0054, 0x0055, 0x0056, 0x0057,
        0x0058, 0x0059, 0x005A, 0x005B, 0x005C, 0x005D, 0x005E, 0x005F,
        0x0060, 0x0061, 0x0062, 0x0063, 0x0064, 0x0065, 0x0066, 0x0067,
        0x0068, 0x0069, 0x006A, 0x006B, 0x006C, 0x006D, 0x006E, 0x006F,
        0x0070, 0x0071, 0x0072, 0x0073, 0x0074, 0x0075, 0x0076, 0x0077,
        0x0078, 0x0079, 0x007A, 0x007B, 0x007C, 0x007D, 0x007E, 0x007F,
        0x20AC, 0xFFFD, 0x201A, 0xFFFD, 0x201E, 0x2026, 0x2020, 0x2021,
        0xFFFD, 0x2030, 0xFFFD, 0x2039, 0xFFFD, 0x00A8, 0x02C7, 0x00B8,
        0xFFFD, 0x2018, 0x2019, 0x201C, 0x201D, 0x2022, 0x2013, 0x2014,
        0xFFFD, 0x2122, 0xFFFD, 0x203A, 0xFFFD, 0x00AF, 0x02DB, 0xFFFD,
        0x00A0, 0xFFFD, 0x00A2, 0x00A3, 0x00A4, 0xFFFD, 0x00A6, 0x00A7,
        0x00D8, 0x00A9, 0x0156, 0x00AB, 0x00AC, 0x00AD, 0x00AE, 0x00C6,
        0x00B0, 0x00B1, 0x00B2, 0x00B3, 0x00B4, 0x00B5, 0x00B6, 0x00B7,
        0x00F8, 0x00B9, 0x0157, 0x00BB, 0x00BC, 0x00BD, 0x00BE, 0x00E6,
        0x0104, 0x012E, 0x0100, 0x0106, 0x00C4, 0x00C5, 0x0118, 0x0112,
        0x010C, 0x00C9, 0x0179, 0x0116, 0x0122, 0x0136, 0x012A, 0x013B,
        0x0160, 0x0143, 0x0145, 0x00D3, 0x014C, 0x00D5, 0x00D6, 0x00D7,
        0x0172, 0x0141, 0x015A, 0x016A, 0x00DC, 0x017B, 0x017D, 0x00DF,
        0x0105, 0x012F, 0x0101, 0x0107, 0x00E4, 0x00E5, 0x0119, 0x0113,
        0x010D, 0x00E9, 0x017A, 0x0117, 0x0123, 0x0137, 0x012B, 0x013C,
        0x0161, 0x0144, 0x0146, 0x00F3, 0x014D, 0x00F5, 0x00F6, 0x00F7,
        0x0173, 0x0142, 0x015B, 0x016B, 0x00FC, 0x017C, 0x017E, 0x02D9,
    };
    inline constexpr uint16_t windows1257_keys[] = {
        0x00E9, 0x0142, 0x00B2, 0x201A, 0x0000, 0x0000, 0x0000, 0x0000,
        0x0000, 0x00F6, 0x0000, 0x0000, 0x0118, 0x0000, 0x0000, 0x0000,
        0x0000, 0x0000, 0x0000, 0x0000, 0x0000, 0x0000, 0x017E, 0x0000,
        0x0000, 0x00B7, 0x0000, 0x0000, 0x0000, 0x0000, 0x0000, 0x00A2,
        0x0000, 0x0000, 0x00C4, 0x0000, 0x0000, 0x00E6, 0x0000, 0x00AF,
        0x0000, 0x2039, 0x0161, 0x2122, 0x012A, 0x0000, 0x00F3, 0x014C,
        0x00BC, 0x0000, 0x0000, 0x0000, 0x0000, 0x0137, 0x00A7, 0x0100,
        0x0000, 0x00C9, 0x0122, 0x0000, 0x017B, 0x201C, 0x0144, 0x00B4,
        0x010D, 0x20AC, 0x00D6, 0x012F, 0x0000, 0x00F8, 0x0000, 0x0000,
        0x0000, 0x0000, 0x0173, 0x2014, 0x013C, 0x00AC, 0x0105, 0x0000,
        0x0000, 0x0000, 0x0000, 0x0000, 0x2021, 0x0000, 0x00B9, 0x0112,
        0x016B, 0x0000, 0x0000, 0x00A4, 0x0000, 0x0000, 0x00C6, 0x0156,
        0x0000, 0x0000, 0x2019, 0x0141, 0x00B1, 0x0000, 0x0000, 0x00D3,
        0x0000, 0x0000, 0x0000, 0x00F5, 0x02C7, 0x00BE, 0x0117, 0x2026,
        0x0000, 0x0000, 0x00A9, 0x0000, 0x0000, 0x015B, 0x0000, 0x0000,
        0x017D, 0x201E, 0x0146, 0x00B6, 0x0000, 0x0000, 0x00D8, 0x0000,
        0x0000, 0x0000, 0x0000, 0x0000, 0x0000, 0x0000, 0x0000, 0x00E5,
        0x0000, 0x00AE, 0x0107, 0x02D9, 0x0160, 0x0000, 0x0000, 0x0000,
        0x0000, 0x0000, 0x00BB, 0x0000, 0x0000, 0x0000, 0x0000, 0x00A6,
        0x0136, 0x2030, 0x0000, 0x0000, 0x0000, 0x017A, 0x0000, 0x0143,
        0x00B3, 0x0000, 0x010C, 0x0000, 0x00D5, 0x012E, 0x0000, 0x00F7,
        0x0000, 0x0000, 0x0119, 0x0000, 0x0172, 0x2013, 0x013B, 0x00AB,
        0x0104, 0x0000, 0x0000, 0x0000, 0x0000, 0x0000, 0x2020, 0x00B8,
        0x0000, 0x0000, 0x016A, 0x0000, 0x0000, 0x00A3, 0x00FC, 0x0000,
        0x00C5, 0x0000, 0x0000, 0x0000, 0x2018, 0x0000, 0x00B0, 0x203A,
        0x02DB, 0x0000, 0x012B, 0x0000, 0x0000, 0x0000, 0x00BD, 0x014D,
        0x0116, 0x0000, 0x00DF, 0x0000, 0x00A8, 0x0101, 0x015A, 0x0000,
        0x0000, 0x0123, 0x017C, 0x201D, 0x0145, 0x00B5, 0x0000, 0x0000,
        0x00D7, 0x0000, 0x00A0, 0x0000, 0x0000, 0x0000, 0x0000, 0x0000,
        0x0000, 0x00E4, 0x0000, 0x00AD, 0x0106, 0x0000, 0x0000, 0x0000,
        0x0000, 0x0000, 0x2022, 0x0000, 0x0000, 0x0113, 0x0000, 0x00DC,
        0x0000, 0x0000, 0x0000, 0x0000, 0x0157, 0x0000, 0x0000, 0x0179,
    };
    inline constexpr uint8_t windows1257_bytes[] = {
        0xE9, 0xF9, 0xB2, 0x82, 0x00, 0x00, 0x00, 0x00, 0x00, 0xF6, 0x00, 0x00, 0xC6, 0x00, 0x00, 0x00,
        0x00, 0x00, 0x00, 0x00, 0x00, 0x00, 0xFE, 0x00, 0x00, 0xB7, 0x00, 0x00, 0x00, 0x00, 0x00, 0xA2,
        0x00, 0x00, 0xC4, 0x00, 0x00, 0xBF, 0x00, 0x9D, 0x00, 0x8B, 0xF0, 0x99, 0xCE, 0x00, 0xF3, 0xD4,
        0xBC, 0x00, 0x00, 0x00, 0x00, 0xED, 0xA7, 0xC2, 0x00, 0xC9, 0xCC, 0x00, 0xDD, 0x93, 0xF1, 0xB4,
        0xE8, 0x80, 0xD6, 0xE1, 0x00, 0xB8, 0x00, 0x00, 0x00, 0x00, 0xF8, 0x97, 0xEF, 0xAC, 0xE0, 0x00,
        0x00, 0x00, 0x00, 0x00, 0x87, 0x00, 0xB9, 0xC7, 0xFB, 0x00, 0x00, 0xA4, 0x00, 0x00, 0xAF, 0xAA,
        0x00, 0x00, 0x92, 0xD9, 0xB1, 0x00, 0x00, 0xD3, 0x00, 0x00, 0x00, 0xF5, 0x8E, 0xBE, 0xEB, 0x85,
        0x00, 0x00, 0xA9, 0x00, 0x00, 0xFA, 0x00, 0x00, 0xDE, 0x84, 0xF2, 0xB6, 0x00, 0x00, 0xA8, 0x00,
        0x00, 0x00, 0x00, 0x00, 0x00, 0x00, 0x00, 0xE5, 0x00, 0xAE, 0xE3, 0xFF, 0xD0, 0x00, 0x00, 0x00,
        0x00, 0x00, 0xBB, 0x00, 0x00, 0x00, 0x00, 0xA6, 0xCD, 0x89, 0x00, 0x00, 0x00, 0xEA, 0x00, 0xD1,
        0xB3, 0x00, 0xC8, 0x00, 0xD5, 0xC1, 0x00, 0xF7, 0x00, 0x00, 0xE6, 0x00, 0xD8, 0x96, 0xCF, 0xAB,
        0xC0, 0x00, 0x00, 0x00, 0x00, 0x00, 0x86, 0x8F, 0x00, 0x00, 0xDB, 0x00, 0x00, 0xA3, 0xFC, 0x00,
        0xC5, 0x00, 0x00, 0x00, 0x91, 0x00, 0xB0, 0x9B, 0x9E, 0x00, 0xEE, 0x00, 0x00, 0x00, 0xBD, 0xF4,
        0xCB, 0x00, 0xDF, 0x00, 0x8D, 0xE2, 0xDA, 0x00, 0x00, 0xEC, 0xFD, 0x94, 0xD2, 0xB5, 0x00, 0x00,
        0xD7, 0x00, 0xA0, 0x00, 0x00, 0x00, 0x00, 0x00, 0x00, 0xE4, 0x00, 0xAD, 0xC3, 0x00, 0x00, 0x00,
        0x00, 0x00, 0x95, 0x00, 0x00, 0xE7, 0x00, 0xDC, 0x00, 0x00, 0x00, 0x00, 0xBA, 0x00, 0x00, 0xCA,
    };

    // windows-1258
    inline constexpr char16_t windows1258_to[] = {
        0x0000, 0x0001, 0x0002, 0x0003, 0x0004, 0x0005, 0x0006, 0x0007,
        0x0008, 0x0009, 0x000A, 0x000B, 0x000C, 0x000D, 0x000E, 0x000F,
        0x0010, 0x0011, 0x0012, 0x0013, 0x0014, 0x0015, 0x0016, 0x0017,
        0x0018, 0x0019, 0x001A, 0x001B, 0x001C, 0x001D, 0x001E, 0x001F,
        0x0020, 0x0021, 0x0022, 0x0023, 0x0024, 0x0025, 0x0026, 0x0027,
        0x0028, 0x0029, 0x002A, 0x002B, 0x002C, 0x002D, 0x002E, 0x002F,
        0x0030, 0x0031, 0x0032, 0x0033, 0x0034, 0x0035, 0x0036, 0x0037,
        0x0038, 0x0039, 0x003A, 0x003B, 0x003C, 0x003D, 0x003E, 0x003F,
        0x0040, 0x0041, 0x0042, 0x0043, 0x0044, 0x0045, 0x0046, 0x0047,
        0x0048, 0x0049, 0x004A, 0x004B, 0x004C, 0x004D, 0x004E, 0x004F,
        0x0050, 0x0051, 0x0052, 0x0053, 0x0054, 0x0055, 0x0056, 0x0057,
        0x0058, 0x0059, 0x005A, 0x005B, 0x005C, 0x005D, 0x005E, 0x005F,
        0x0060, 0x0061, 0x0062, 0x0063, 0x0064, 0x0065, 0x0066, 0x0067,
        0x0068, 0x0069, 0x006A, 0x006B, 0x006C, 0x006D, 0x006E, 0x006F,
        0x0070, 0x0071, 0x0072, 0x0073, 0x0074, 0x0075, 0x0076, 0x0077,
        0x0078, 0x0079, 0x007A, 0x007B, 0x007C, 0x007D, 0x007E, 0x007F,
        0x20AC, 0xFFFD, 0x201A, 0x0192, 0x201E, 0x2026, 0x2020, 0x2021,
        0x02C6, 0x2030, 0xFFFD, 0x2039, 0x0152, 0xFFFD, 0xFFFD, 0xFFFD,
        0xFFFD, 0x2018, 0x2019, 0x201C, 0x201D, 0x2022, 0x2013, 0x2014,
        0x02DC, 0x2122, 0xFFFD, 0x203A, 0x0153, 0xFFFD, 0xFFFD, 0x0178,
        0x00A0, 0x00A1, 0x00A2, 0x00A3, 0x00A4, 0x00A5, 0x00A6, 0x00A7,
        0x00A8, 0x00A9, 0x00AA, 0x00AB, 0x00AC, 0x00AD, 0x00AE, 0x00AF,
        0x00B0, 0x00B1, 0x00B2, 0x00B3, 0x00B4, 0x00B5, 0x00B6, 0x00B7,
        0x00B8, 0x00B9, 0x00BA, 0x00BB, 0x00BC, 0x00BD, 0x00BE, 0x00BF,
        0x00C0, 0x00C1, 0x00C2, 0x0102, 0x00C4, 0x00C5, 0x00C6, 0x00C7,
        0x00C8, 0x00C9, 0x00CA, 0x00CB, 0x0300, 0x00CD, 0x00CE, 0x00CF,
        0x0110, 0x00D1, 0x0309, 0x00D3, 0x00D4, 0x01A0, 0x00D6, 0x00D7,
        0x00D8, 0x00D9, 0x00DA, 0x00DB, 0x00DC, 0x01AF, 0x0303, 0x00DF,
        0x00E0, 0x00E1, 0x00E2, 0x0103, 0x00E4, 0x00E5, 0x00E6, 0x00E7,
        0x00E8, 0x00E9, 0x00EA, 0x00EB, 0x0301, 0x00ED, 0x00EE, 0x00EF,
        0x0111, 0x00F1, 0x0323, 0x00F3, 0x00F4, 0x01A1, 0x00F6, 0x00F7,
        0x00F8, 0x00F9, 0x00FA, 0x00FB, 0x00FC, 0x01B0, 0x20AB, 0x00FF,
    };
    inline constexpr uint16_t windows1258_keys[] = {
        0x00E9, 0x201A, 0x00B2, 0x0000, 0x0000, 0x00D4, 0x0000, 0x0000,
        0x0000, 0x00F6, 0x0000, 0x00BF, 0x0000, 0x0000, 0x00E1, 0x0000,
        0x00AA, 0x0000, 0x0103, 0x0000, 0x0000, 0x0000, 0x0000, 0x00EE,
        0x0000, 0x00B7, 0x0110, 0x01A0, 0x0000, 0x00D9, 0x0000, 0x00A2,
        0x00FB, 0x0000, 0x00C4, 0x0000, 0x0000, 0x00E6, 0x0000, 0x00AF,
        0x0000, 0x2039, 0x2122, 0x00D1, 0x0000, 0x0000, 0x00F3, 0x0000,
        0x00BC, 0x0000, 0x0000, 0x0000, 0x0000, 0x0000, 0x00A7, 0x0309,
        0x0000, 0x00C9, 0x0000, 0x0000, 0x00EB, 0x201C, 0x20AC, 0x00B4,
        0x0000, 0x0000, 0x00D6, 0x0000, 0x0301, 0x00F8, 0x0000, 0x00C1,
        0x0323, 0x0000, 0x0000, 0x2014, 0x0000, 0x00AC, 0x0000, 0x0000,
        0x00CE, 0x0000, 0x0000, 0x0000, 0x2021, 0x0000, 0x00B9, 0x0000,
        0x0000, 0x00DB, 0x0000, 0x00A4, 0x0000, 0x0000, 0x00C6, 0x01AF,
        0x0000, 0x0178, 0x00E8, 0x2019, 0x00B1, 0x0000, 0x02DC, 0x00D3,
        0x0000, 0x0000, 0x0000, 0x2026, 0x0000, 0x00BE, 0x0000, 0x0000,
        0x00E0, 0x0000, 0x00A9, 0x0102, 0x0192, 0x00CB, 0x0000, 0x0000,
        0x0000, 0x00ED, 0x201E, 0x00B6, 0x0000, 0x0000, 0x00D8, 0x0000,
        0x00A1, 0x0303, 0x00FA, 0x0153, 0x0000, 0x0000, 0x0000, 0x00E5,
        0x0000, 0x00AE, 0x0000, 0x0000, 0x0000, 0x0000, 0x0000, 0x0000,
        0x0000, 0x0000, 0x00BB, 0x0000, 0x0000, 0x0000, 0x0000, 0x00A6,
        0x0000, 0x00FF, 0x2030, 0x00C8, 0x0000, 0x0000, 0x00EA, 0x20AB,
        0x00B3, 0x0000, 0x0000, 0x0000, 0x0000, 0x0000, 0x0300, 0x00F7,
        0x0000, 0x00C0, 0x0000, 0x0000, 0x00E2, 0x2013, 0x0000, 0x00AB,
        0x0000, 0x0000, 0x00CD, 0x0000, 0x0000, 0x00EF, 0x2020, 0x00B8,
        0x01A1, 0x0111, 0x0000, 0x00DA, 0x0000, 0x00A3, 0x00FC, 0x0000,
        0x00C5, 0x0000, 0x0000, 0x0000, 0x00E7, 0x2018, 0x00B0, 0x203A,
        0x0000, 0x0000, 0x0000, 0x0000, 0x00F4, 0x02C6, 0x00BD, 0x0000,
        0x0000, 0x0000, 0x00DF, 0x0000, 0x00A8, 0x0000, 0x0000, 0x00CA,
        0x0000, 0x0000, 0x0000, 0x201D, 0x0000, 0x00B5, 0x0000, 0x0000,
        0x00D7, 0x0000, 0x00A0, 0x00F9, 0x0000, 0x0152, 0x00C2, 0x0000,
        0x0000, 0x00E4, 0x0000, 0x00AD, 0x0000, 0x0000, 0x00CF, 0x0000,
        0x0000, 0x0000, 0x00F1, 0x2022, 0x00BA, 0x0000, 0x0000, 0x00DC,
        0x0000, 0x00A5, 0x0000, 0x0000, 0x0000, 0x00C7, 0x01B0, 0x0000,
    };
    inline constexpr uint8_t windows1258_bytes[] = {
        0xE9, 0x82, 0xB2, 0x00, 0x00, 0xD4, 0x00, 0x00, 0x00, 0xF6, 0x00, 0xBF, 0x00, 0x00, 0xE1, 0x00,
        0xAA, 0x00, 0xE3, 0x00, 0x00, 0x00, 0x00, 0xEE, 0x00, 0xB7, 0xD0, 0xD5, 0x00, 0xD9, 0x00, 0xA2,
        0xFB, 0x00, 0xC4, 0x00, 0x00, 0xE6, 0x00, 0xAF, 0x00, 0x8B, 0x99, 0xD1, 0x00, 0x00, 0xF3, 0x00,
        0xBC, 0x00, 0x00, 0x00, 0x00, 0x00, 0xA7, 0xD2, 0x00, 0xC9, 0x00, 0x00, 0xEB, 0x93, 0x80, 0xB4,
        0x00, 0x00, 0xD6, 0x00, 0xEC, 0xF8, 0x00, 0xC1, 0xF2, 0x00, 0x00, 0x97, 0x00, 0xAC, 0x00, 0x00,
        0xCE, 0x00, 0x00, 0x00, 0x87, 0x00, 0xB9, 0x00, 0x00, 0xDB, 0x00, 0xA4, 0x00, 0x00, 0xC6, 0xDD,
        0x00, 0x9F, 0xE8, 0x92, 0xB1, 0x00, 0x98, 0xD3, 0x00, 0x00, 0x00, 0x85, 0x00, 0xBE, 0x00, 0x00,
        0xE0, 0x00, 0xA9, 0xC3, 0x83, 0xCB, 0x00, 0x00, 0x00, 0xED, 0x84, 0xB6, 0x00, 0x00, 0xD8, 0x00,
        0xA1, 0xDE, 0xFA, 0x9C, 0x00, 0x00, 0x00, 0xE5, 0x00, 0xAE, 0x00, 0x00, 0x00, 0x00, 0x00, 0x00,
        0x00, 0x00, 0xBB, 0x00, 0x00, 0x00, 0x00, 0xA6, 0x00, 0xFF, 0x89, 0xC8, 0x00, 0x00, 0xEA, 0xFE,
        0xB3, 0x00, 0x00, 0x00, 0x00, 0x00, 0xCC, 0xF7, 0x00, 0xC0, 0x00, 0x00, 0xE2, 0x96, 0x00, 0xAB,
        0x00, 0x00, 0xCD, 0x00, 0x00, 0xEF, 0x86, 0xB8, 0xF5, 0xF0, 0x00, 0xDA, 0x00, 0xA3, 0xFC, 0x00,
        0xC5, 0x00, 0x00, 0x00, 0xE7, 0x91, 0xB0, 0x9B, 0x00, 0x00, 0x00, 0x00, 0xF4, 0x88, 0xBD, 0x00,
        0x00, 0x00, 0xDF, 0x00, 0xA8, 0x00, 0x00, 0xCA, 0x00, 0x00, 0x00, 0x94, 0x00, 0xB5, 0x00, 0x00,
        0xD7, 0x00, 0xA0, 0xF9, 0x00, 0x8C, 0xC2, 0x00, 0x00, 0xE4, 0x00, 0xAD, 0x00, 0x00, 0xCF, 0x00,
        0x00, 0x00, 0xF1, 0x95, 0xBA, 0x00, 0x00, 0xDC, 0x00, 0xA5, 0x00, 0x00, 0x00, 0xC7, 0xFD, 0x00,
    };

    // x-mac-cyrillic
    inline constexpr char16_t x_mac_cyrillic_to[] = {
        0x0000, 0x0001, 0x0002, 0x0003, 0x0004, 0x0005, 0x0006, 0x0007,
        0x0008, 0x0009, 0x000A, 0x000B, 0x000C, 0x000D, 0x000E, 0x000F,
        0x0010, 0x0011, 0x0012, 0x0013, 0x0014, 0x0015, 0x0016, 0x0017,
        0x0018, 0x0019, 0x001A, 0x001B, 0x001C, 0x001D, 0x001E, 0x001F,
        0x0020, 0x0021, 0x0022, 0x0023, 0x0024, 0x0025, 0x0026, 0x0027,
        0x0028, 0x0029, 0x002A, 0x002B, 0x002C, 0x002D, 0x002E, 0x002F,
        0x0030, 0x0031, 0x0032, 0x0033, 0x0034, 0x0035, 0x0036, 0x0037,
        0x0038, 0x0039, 0x003A, 0x003B, 0x003C, 0x003D, 0x003E, 0x003F,
        0x0040, 0x0041, 0x0042, 0x0043, 0x0044, 0x0045, 0x0046, 0x0047,
        0x0048, 0x0049, 0x004A, 0x004B, 0x004C, 0x004D, 0x004E, 0x004F,
        0x0050, 0x0051, 0x0052, 0x0053, 0x0054, 0x0055, 0x0056, 0x0057,
        0x0058, 0x0059, 0x005A, 0x005B, 0x005C, 0x005D, 0x005E, 0x005F,
        0x0060, 0x0061, 0x0062, 0x0063, 0x0064, 0x0065, 0x0066, 0x0067,
        0x0068, 0x0069, 0x006A, 0x006B, 0x006C, 0x006D, 0x006E, 0x006F,
        0x0070, 0x0071, 0x0072, 0x0073, 0x0074, 0x0075, 0x0076, 0x0077,
        0x0078, 0x0079, 0x007A, 0x007B, 0x007C, 0x007D, 0x007E, 0x007F,
        0x0410, 0x0411, 0x0412, 0x0413, 0x0414, 0x0415, 0x0416, 0x0417,
        0x0418, 0x0419, 0x041A, 0x041B, 0x041C, 0x041D, 0x041E, 0x041F,
        0x0420, 0x0421, 0x0422, 0x0423, 0x0424, 0x0425, 0x0426, 0x0427,
        0x0428, 0x0429, 0x042A, 0x042B, 0x042C, 0x042D, 0x042E, 0x042F,
        0x2020, 0x00B0, 0x0490, 0x00A3, 0x00A7, 0x2022, 0x00B6, 0x0406,
        0x00AE, 0x00A9, 0x2122, 0x0402, 0x0452, 0x2260, 0x0403, 0x0453,
        0x221E, 0x00B1, 0x2264, 0x2265, 0x0456, 0x00B5, 0x0491, 0x0408,
        0x0404, 0x0454, 0x0407, 0x0457, 0x0409, 0x0459, 0x040A, 0x045A,
        0x0458, 0x0405, 0x00AC, 0x221A, 0x0192, 0x2248, 0x2206, 0x00AB,
        0x00BB, 0x2026, 0x00A0, 0x040B, 0x045B, 0x040C, 0x045C, 0x0455,
        0x2013, 0x2014, 0x201C, 0x201D, 0x2018, 0x2019, 0x00F7, 0x201E,
        0x040E, 0x045E, 0x040F, 0x045F, 0x2116, 0x0401, 0x0451, 0x044F,
        0x0430, 0x0431, 0x0432, 0x0433, 0x0434, 0x0435, 0x0436, 0x0437,
        0x0438, 0x0439, 0x043A, 0x043B, 0x043C, 0x043D, 0x043E, 0x043F,
        0x0440, 0x0441, 0x0442, 0x0443, 0x0444, 0x0445, 0x0446, 0x0447,
        0x0448, 0x0449, 0x044A, 0x044B, 0x044C, 0x044D, 0x044E, 0x20AC,
    };
    inline constexpr uint16_t x_mac_cyrillic_keys[] = {
        0x0000, 0x0434, 0x0000, 0x0000, 0x0456, 0x0000, 0x041F, 0x0000,
        0x0000, 0x0441, 0x0000, 0x0000, 0x040A, 0x0000, 0x0000, 0x042C,
        0x0000, 0x0000, 0x044E, 0x2206, 0x0417, 0x0000, 0x0000, 0x0000,
        0x0439, 0x0000, 0x0402, 0x045B, 0x0000, 0x0424, 0x0000, 0x0000,
        0x0000, 0x0446, 0x0000, 0x040F, 0x0000, 0x0000, 0x0431, 0x0000,
        0x0000, 0x0453, 0x2122, 0x041C, 0x2264, 0x0000, 0x0000, 0x043E,
        0x0000, 0x0407, 0x0000, 0x0000, 0x0429, 0x0000, 0x00A7, 0x0000,
        0x044B, 0x0000, 0x0414, 0x0000, 0x20AC, 0x0436, 0x201C, 0x0000,
        0x0458, 0x0000, 0x0000, 0x0421, 0x0000, 0x0000, 0x0443, 0x0000,
        0x040C, 0x0000, 0x0000, 0x042E, 0x2014, 0x00AC, 0x0000, 0x0000,
        0x0000, 0x0419, 0x0000, 0x0000, 0x043B, 0x0000, 0x0404, 0x0000,
        0x0000, 0x0000, 0x0426, 0x0000, 0x0000, 0x0448, 0x0000, 0x0411,
        0x0000, 0x0000, 0x0433, 0x2019, 0x00B1, 0x0000, 0x0455, 0x0000,
        0x041E, 0x0000, 0x0000, 0x0440, 0x2026, 0x0409, 0x0000, 0x221A,
        0x0000, 0x042B, 0x00A9, 0x0192, 0x044D, 0x0000, 0x0416, 0x0000,
        0x0000, 0x201E, 0x0438, 0x00B6, 0x0401, 0x045A, 0x0491, 0x0423,
        0x0000, 0x0000, 0x0445, 0x0000, 0x040E, 0x0000, 0x0000, 0x0000,
        0x0430, 0x00AE, 0x0000, 0x0452, 0x0000, 0x041B, 0x0000, 0x0000,
        0x0000, 0x043D, 0x00BB, 0x0406, 0x045F, 0x0000, 0x0428, 0x0000,
        0x0000, 0x044A, 0x0000, 0x0000, 0x0413, 0x0000, 0x0000, 0x0435,
        0x0000, 0x0000, 0x0457, 0x0000, 0x0420, 0x0000, 0x0000, 0x00F7,
        0x0442, 0x0000, 0x040B, 0x0000, 0x0000, 0x042D, 0x2013, 0x00AB,
        0x0000, 0x044F, 0x2260, 0x0418, 0x0000, 0x0000, 0x043A, 0x2020,
        0x0403, 0x045C, 0x0000, 0x0425, 0x0000, 0x00A3, 0x0000, 0x0447,
        0x2116, 0x0410, 0x0000, 0x0000, 0x0432, 0x2018, 0x00B0, 0x0000,
        0x0454, 0x0000, 0x041D, 0x2265, 0x0000, 0x043F, 0x0000, 0x0408,
        0x0000, 0x0000, 0x0000, 0x042A, 0x0000, 0x0000, 0x044C, 0x0000,
        0x0415, 0x0000, 0x0000, 0x0437, 0x201D, 0x00B5, 0x0490, 0x0459,
        0x2248, 0x0422, 0x00A0, 0x0000, 0x0444, 0x0000, 0x0000, 0x0000,
        0x221E, 0x0000, 0x042F, 0x0000, 0x0000, 0x0451, 0x0000, 0x041A,
        0x0000, 0x0000, 0x043C, 0x2022, 0x0405, 0x0000, 0x045E, 0x0000,
        0x0427, 0x0000, 0x0000, 0x0449, 0x0000, 0x0412, 0x0000, 0x0000,
    };
    inline constexpr uint8_t x_mac_cyrillic_bytes[] = {
        0x00, 0xE4, 0x00, 0x00, 0xB4, 0x00, 0x8F, 0x00, 0x00, 0xF1, 0x00, 0x00, 0xBE, 0x00, 0x00, 0x9C,
        0x00, 0x00, 0xFE, 0xC6, 0x87, 0x00, 0x00, 0x00, 0xE9, 0x00, 0xAB, 0xCC, 0x00, 0x94, 0x00, 0x00,
        0x00, 0xF6, 0x00, 0xDA, 0x00, 0x00, 0xE1, 0x00, 0x00, 0xAF, 0xAA, 0x8C, 0xB2, 0x00, 0x00, 0xEE,
        0x00, 0xBA, 0x00, 0x00, 0x99, 0x00, 0xA4, 0x00, 0xFB, 0x00, 0x84, 0x00, 0xFF, 0xE6, 0xD2, 0x00,
        0xC0, 0x00, 0x00, 0x91, 0x00, 0x00, 0xF3, 0x00, 0xCD, 0x00, 0x00, 0x9E, 0xD1, 0xC2, 0x00, 0x00,
        0x00, 0x89, 0x00, 0x00, 0xEB, 0x00, 0xB8, 0x00, 0x00, 0x00, 0x96, 0x00, 0x00, 0xF8, 0x00, 0x81,
        0x00, 0x00, 0xE3, 0xD5, 0xB1, 0x00, 0xCF, 0x00, 0x8E, 0x00, 0x00, 0xF0, 0xC9, 0xBC, 0x00, 0xC3,
        0x00, 0x9B, 0xA9, 0xC4, 0xFD, 0x00, 0x86, 0x00, 0x00, 0xD7, 0xE8, 0xA6, 0xDD, 0xBF, 0xB6, 0x93,
        0x00, 0x00, 0xF5, 0x00, 0xD8, 0x00, 0x00, 0x00, 0xE0, 0xA8, 0x00, 0xAC, 0x00, 0x8B, 0x00, 0x00,
        0x00, 0xED, 0xC8, 0xA7, 0xDB, 0x00, 0x98, 0x00, 0x00, 0xFA, 0x00, 0x00, 0x83, 0x00, 0x00, 0xE5,
        0x00, 0x00, 0xBB, 0x00, 0x90, 0x00, 0x00, 0xD6, 0xF2, 0x00, 0xCB, 0x00, 0x00, 0x9D, 0xD0, 0xC7,
        0x00, 0xDF, 0xAD, 0x88, 0x00, 0x00, 0xEA, 0xA0, 0xAE, 0xCE, 0x00, 0x95, 0x00, 0xA3, 0x00, 0xF7,
        0xDC, 0x80, 0x00, 0x00, 0xE2, 0xD4, 0xA1, 0x00, 0xB9, 0x00, 0x8D, 0xB3, 0x00, 0xEF, 0x00, 0xB7,
        0x00, 0x00, 0x00, 0x9A, 0x00, 0x00, 0xFC, 0x00, 0x85, 0x00, 0x00, 0xE7, 0xD3, 0xB5, 0xA2, 0xBD,
        0xC5, 0x92, 0xCA, 0x00, 0xF4, 0x00, 0x00, 0x00, 0xB0, 0x00, 0x9F, 0x00, 0x00, 0xDE, 0x00, 0x8A,
        0x00, 0x00, 0xEC, 0xA5, 0xC1, 0x00, 0xD9, 0x00, 0x97, 0x00, 0x00, 0xF9, 0x00, 0x82, 0x00, 0x00,
    };

    // Indexed by the value of the enum less FirstSingleByte
    inline constexpr SingleByte SingleBytes[] = {
        {ibm866_to, ibm866_keys, ibm866_bytes},
        {iso8859_2_to, iso8859_2_keys, iso8859_2_bytes},
        {iso8859_3_to, iso8859_3_keys, iso8859_3_bytes},
        {iso8859_4_to, iso8859_4_keys, iso8859_4_bytes},
        {iso8859_5_to, iso8859_5_keys, iso8859_5_bytes},
        {iso8859_6_to, iso8859_6_keys, iso8859_6_bytes},
        {iso8859_7_to, iso8859_7_keys, iso8859_7_bytes},
        {iso8859_8_to, iso8859_8_keys, iso8859_8_bytes},
        {iso8859_10_to, iso8859_10_keys, iso8859_10_bytes},
        {iso8859_13_to, iso8859_13_keys, iso8859_13_bytes},
        {iso8859_14_to, iso8859_14_keys, iso8859_14_bytes},
        {iso8859_15_to, iso8859_15_keys, iso8859_15_bytes},
        {iso8859_16_to, iso8859_16_keys, iso8859_16_bytes},
        {koi8_r_to, koi8_r_keys, koi8_r_bytes},
        {koi8_u_to, koi8_u_keys, koi8_u_bytes},
        {macintosh_to, macintosh_keys, macintosh_bytes},
        {windows874_to, windows874_keys, windows874_bytes},
        {windows1250_to, windows1250_keys, windows1250_bytes},
        {windows1251_to, windows1251_keys, windows1251_bytes},
        {windows1252_to, windows1252_keys, windows1252_bytes},
        {windows1253_to, windows1253_keys, windows1253_bytes},
        {windows1254_to, windows1254_keys, windows1254_bytes},
        {windows1255_to, windows1255_keys, windows1255_bytes},
        {windows1256_to, windows1256_keys, windows1256_bytes},
        {windows1257_to, windows1257_keys, windows1257_bytes},
        {windows1258_to, windows1258_keys, windows1258_bytes},
        {x_mac_cyrillic_to, x_mac_cyrillic_keys, x_mac_cyrillic_bytes},
    };
}
